,0,1,2,3,4
0,Rosa Aguayo,Desconocido,No tiene galardones ni nominaciones,"Christmas Grieve, 9,4, Rosie, Woman at the Church","Reparto, Producción"
1,Aktion,Desconocido,No tiene galardones ni nominaciones,Sin datos,"2014, 30min"
2,Jonathan Andre,Desconocido,No tiene galardones ni nominaciones,"Willa Justice: Drag Queen Private Eye, Serie de TV, Serie de TV, Serie de TV","Guion, Dirección, Producción"
3,Inez Banks,Desconocido,No tiene galardones ni nominaciones,"The Shop, Ride Scare",Reparto
4,Jonez Cain,Desconocido,No tiene galardones ni nominaciones,"Fruitvale Station, Hunting Season, The Road Home for Christmas, 2019, 2019","Reparto, Dirección, Producción"
5,Eduardo Castrillo,Desconocido,No tiene galardones ni nominaciones,"Ride Scare, The Big Fight, Ride Scare: The Beginning, Tormented Revenge","Producción, Guion, Edición"
6,Benjamin Colbert,Desconocido,No tiene galardones ni nominaciones,"State of Consciousness, Milk Money, Straight Outta Oakland, Straight Outta Oakland 2","Reparto, Maquillaje, Equipos adicionales"
7,Shawn Cunningham II,Desconocido,No tiene galardones ni nominaciones,The Shop,Reparto
8,Railynne Danzot,Desconocido,No tiene galardones ni nominaciones,"The Elements, The Shop, Land Sharks, The Hill","Reparto, Maquillaje"
9,Steve Dawson,Desconocido,No tiene galardones ni nominaciones,"Dungeons & Dragons: Honor entre ladrones, Transformers: El despertar de las bestias, Ant-Man y la Avispa: Quantumanía",Efectos visuales
10,Erdal Besikçioglu,1970,No tiene galardones ni nominaciones,"Behzat Ç.: Seni Kalbime Gömdüm, Miel, 46 Yok Olan, 2016 • 13 episodios, 2014","Reparto, Producción"
11,Sebnem Dönmez,1974,No tiene galardones ni nominaciones,"Kolay Para, Medcezir, 2013–2015 • 77 episodios, Serap Gök, Miniserie de TV","Reparto, Banda sonora"
12,Ugur Polat,1956,No tiene galardones ni nominaciones,"Sis ve Gece, Anadolu Leopari, Bütün Kapilar Kapaliydi, Salkim Hanim'in Taneleri","Reparto, Banda sonora"
13,Ismail Hacioglu,1985,No tiene galardones ni nominaciones,"Ayla: La hija de la guerra, Çakal, Karsilasma, Beyaz Gelincik, 2005–2007 • 63 episodios",Reparto
14,Aysegül Ünsal,1973,No tiene galardones ni nominaciones,"Vali, Ask ve Mavi, 2016–2018 • 72 episodios, Meral Acar, Serie de TV",Reparto
15,Semsi Inkaya,1939,No tiene galardones ni nominaciones,"Sevdim, Zübük, Vali, Bir Ask Bin Günah",Reparto
16,Özgür Çevik,1981,No tiene galardones ni nominaciones,"Kirgin Çiçekler, 2015–2018 • 113 episodios, 2017",Reparto
17,Hakan Gerçek,1964,No tiene galardones ni nominaciones,"Fiebre cerebral, 2022 • 7 episodios, 2009, Sinan Tunç, Serie de TV","Reparto, Equipos adicionales"
18,Gökhan Soylu,1974,No tiene galardones ni nominaciones,"Tiramisu, Veysel Guler, Serie de TV, 5,4","Reparto, Dirección, Guion"
19,Türkü Hazer,1980,No tiene galardones ni nominaciones,"Vali, Kampüste Çiplak Ayaklar, Zincirbozan, Büsra",Reparto
20,Kumud Pant,1971,No tiene galardones ni nominaciones,"Cholay, Andaz Tera Mera, Akshay, Corto","Reparto, Producción, Dirección"
21,Bipana Thapa,Desconocido,No tiene galardones ni nominaciones,"Gaajal, 8,1, 7,7, 7,5",Reparto
22,Mohan Niroula,Desconocido,No tiene galardones ni nominaciones,"Janma Bhoomi, Chunauti, Kasle Choryo Mero Man, Megha","Reparto, Dirección, Guion"
23,Saroj Khanal,Desconocido,No tiene galardones ni nominaciones,"Bagan, 8,2, 5,5, Reparto","Reparto, Dirección, Guion"
24,Shree Krishna Shrestha,Desconocido,No tiene galardones ni nominaciones,"Hami Tin Bhai, Kaha Bhetiyela, A Mero Hajur, Rajamati","Reparto, Música, Producción"
25,Biju Ranjit,Desconocido,No tiene galardones ni nominaciones,"Gothalo, Chunauti",Reparto
26,Rajaram Poudyal,Desconocido,No tiene galardones ni nominaciones,"Gothalo, Dakshina, Chunauti, 100 Kada 10",Reparto
27,Jet Li,1963,No tiene galardones ni nominaciones,"Fearless - Sin miedo, El único, The warlords: Los señores de la guerra, El beso del dragón","Reparto, Producción, Equipos adicionales"
28,Bob Hoskins,1942,Nominado,"El largo Viernes Santo, ¿Quién engañó a Roger Rabbit?, Mona Lisa, Super Mario Bros.","Reparto, Dirección, Producción"
29,Morgan Freeman,1937,Ganó 1 premio Óscar,"Paseando a Miss Daisy, Seven, Million Dollar Baby, El caballero oscuro","Reparto, Producción, Dirección"
30,Kerry Condon,1983,Nominado,"Almas en pena de Inisherin, Capitán América: Civil War, Danny the Dog, Vengadores: Endgame",Reparto
31,Vincent Regan,1965,No tiene galardones ni nominaciones,"300, Blancanieves y la leyenda del cazador, Troya, Furia de titanes","Reparto, Dirección, Guion"
32,Dylan Brown,Desconocido,No tiene galardones ni nominaciones,"Danny the Dog, Tres reyes, Centurión, Gente de barrio, 2010 • 2 episodios",Reparto
33,Tamer Hassan,1968,No tiene galardones ni nominaciones,"La sombra de la traición, Layer Cake: Crimen organizado, Football Factory: diario de un hooligan, Batman Begins","Reparto, Producción, Guion"
34,Michael Jenn,1959,No tiene galardones ni nominaciones,"Danny the Dog, Juana de Arco de Luc Besson, Guerra mundial Z, Cenicienta",Reparto
35,Phyllida Law,1932,No tiene galardones ni nominaciones,"La máquina del tiempo, Mucho ruido y pocas nueces, El invitado de invierno, Emma","Reparto, Guion, Vestuario"
36,Carole Ann Wilson,1946,No tiene galardones ni nominaciones,Danny the Dog,Reparto
37,Saleem Mairaj,Desconocido,No tiene galardones ni nominaciones,"Two+Two, 6,6, Reparto, Reparto",Reparto
38,Urwa Hocane,Desconocido,No tiene galardones ni nominaciones,"Punjab Nahi Jaungi, Na Maloom Afraad, Tich Button, Two+Two","Reparto, Producción"
39,Ali Azmat,1970,No tiene galardones ni nominaciones,"Waar, Paap, El fundamentalista reticente, Hijrat","Música, Reparto, Composición"
40,Bilal Ashraf,Desconocido,No tiene galardones ni nominaciones,"O21, Waar 2, 2016, 2016",Reparto
41,Sajid Hasan,Desconocido,No tiene galardones ni nominaciones,"Un corazón invencible, Jalaibee, Maalik, Aazaan",Reparto
42,Nayyar Ejaz,Desconocido,No tiene galardones ni nominaciones,"The legend of Maula Jatt, Geo Sar Utha Kay, Teefa In Trouble, Zameen Kay Khuda",Reparto
43,Dan-bi Geum,Desconocido,No tiene galardones ni nominaciones,"Yeokmo - Banranui sidae, Warrior Baek Dong-soo, 2011 • 10 episodios, 2011, Kim Hyo-Gyeong",Reparto
44,Jung Hae-in,1988,No tiene galardones ni nominaciones,"Yuyeolui eumagaelbeom, D. P. : El cazadesertores, 2021–2023 • 12 episodios, 2019, Han Woo TakHan Woo-Tak (2017)",Reparto
45,Seung-jin Hong,Desconocido,No tiene galardones ni nominaciones,"Endemoniada, Fasces, 5,6, 7,1",Reparto
46,Su-a Hong,1986,No tiene galardones ni nominaciones,"Malice, Jambok-geunmu, Yeokmo - Banranui sidae, Nonseutob, 2004 • 1 episodio",Reparto
47,Kim Ji-hoon,1981,No tiene galardones ni nominaciones,"Jang Bo Ri Is Here, 2014 • 52 episodios, Kang Tae-wookTae-wook Kang (2013), Serie de TV, 6,2",Reparto
48,Jae-yun Jo,Desconocido,No tiene galardones ni nominaciones,"Joong-cheon, Neuk-dae-so-nyeon, Yeokmo - Banranui sidae",Reparto
49,Hae-Sung Kwon,Desconocido,No tiene galardones ni nominaciones,"Three Days, 2014 • 1 episodio, Prosecutor Jung Ji-woong(as Min Kwon), 2020, 2017",Reparto
50,Won-jong Lee,1966,No tiene galardones ni nominaciones,"Nalnari jongbujeon, La casa de papel: Corea, 2022 • 11 episodios, Hong Dae Joo, Doo-Sik",Reparto
51,Cheol-min Park,1967,No tiene galardones ni nominaciones,"Hwa-ryeo-han-hyoo-ga, Ojik geudaeman, La villana, Nobody Knows, 2020 • 15 episodios",Reparto
52,Tae-Joon Ryu,Desconocido,No tiene galardones ni nominaciones,"The Great Seer, 2012 • 27 episodios, 2014–2015 • 98 episodios, 2017, 2011",Reparto
53,Anthony Chau-Sang Wong,1961,No tiene galardones ni nominaciones,"Juego sucio, El velo pintado, Initial D: Derrapando al límite, Bat sin fan dim: Yan yuk cha siu bau","Reparto, Dirección, Guion"
54,Catherine Yan Hung,1971,No tiene galardones ni nominaciones,"Wing Chun, Ji Qi yu Ma Li, Ngo joi gam yuk dik yat ji, Black Wind Inn",Reparto
55,Frankie Lam,1967,No tiene galardones ni nominaciones,"Wo men ting zhan ba, Ten Brothers, 2007 • 2 episodios, Reparto, Reparto",Reparto
56,Sai Lau,Desconocido,No tiene galardones ni nominaciones,"An Asian Ghost Story, Bringing Back Golden Eye, Luizenmoeder - De film, Zina, 2021–2022 • 3 episodios","Reparto, Dirección de casting"
57,Peter Ngor,Desconocido,No tiene galardones ni nominaciones,"The warlords: Los señores de la guerra, Mr. Vampire: El Señor de los Vampiros, Juego sucio 2, Wan Chai ji foo","Dirección de fotografía y cámara, Reparto, Dirección"
58,Susan Yam-Yam Shaw,1950,No tiene galardones ni nominaciones,"The Unknown Mother, Da lui toi, Feng liu Bai Hu kou Qiu Xiang, 6,4","Reparto, Guion, Equipos adicionales"
59,Kwong-Leung Wong,1952,No tiene galardones ni nominaciones,"El asesino, Fallen Angels (Ángeles caídos), Prisión en llamas, Bai Ho","Reparto, Producción, Equipos adicionales"
60,Bill Oberst Jr.,1965,No tiene galardones ni nominaciones,"3 del infierno, Mentes criminales, 2014 • 1 episodio, Clark, Serie de TV","Reparto, Producción, Guion"
61,Linnea Quigley,1958,No tiene galardones ni nominaciones,"El regreso de los muertos vivientes, La noche de los demonios, Noche de paz, noche de muerte, El día de la graduación","Reparto, Producción, Cámara y electricidad"
62,Kane Hodder,1955,No tiene galardones ni nominaciones,"Seven, Daredevil, Monster, Hatchet","Reparto, Especialistas, Producción"
63,David Rucker III,Desconocido,No tiene galardones ni nominaciones,"The Good Things Devils Do, Here Comes the Sun, 8,5, 6,6","Reparto, Guion"
64,Mary Katherine O'Donnell,Desconocido,No tiene galardones ni nominaciones,"Salem, 2014 • 8 episodios, 2020, Alice Wise, Kate",Reparto
65,Kelley Wilson Robinson,Desconocido,No tiene galardones ni nominaciones,"The Good Things Devils Do, The Sinful South, What Sorrows May Come, Restaurant Customer","Reparto, Producción, Equipos adicionales"
66,Veronika Stoykova,Desconocido,No tiene galardones ni nominaciones,"Passing Through, The Good Things Devils Do, Braxton, Signs",Reparto
67,Ian Patrick Mendes,Desconocido,No tiene galardones ni nominaciones,"The Good Things Devils Do, Underground, 2017 • 4 episodios, Blake, Indie Producer at Mixer",Reparto
68,Maddox Robinson,Desconocido,No tiene galardones ni nominaciones,Sin datos,Sin datos
69,Piper Suttles,Desconocido,No tiene galardones ni nominaciones,"The Good Things Devils Do, The Bewailing",Reparto
70,Bishop Stevens,Desconocido,No tiene galardones ni nominaciones,"Revealer, Girl on the Third Floor, Empire, 2015 • 4 episodios, Diamond Buyers Muscle","Reparto, Guion, Producción"
71,Lara Jean Mummert-Sullivan,Desconocido,No tiene galardones ni nominaciones,"Space, CollegeHumor Originals, 2012 • 1 episodio, Self(as Lara Jean Mummert), Juliet Winters(as Lara Jean Sullivan)","Reparto, Producción, Guion"
72,Derek Babb,Desconocido,No tiene galardones ni nominaciones,"Jen Kirkman: I'm Gonna Die Alone (And I Feel Fine), 2015, Josh, Vídeo, 5,0","Reparto, Producción"
73,Tiffani Fest,Desconocido,No tiene galardones ni nominaciones,"Circus of the Dead, Trilogie De Tragedie, For Jennifer","Reparto, Producción, Música"
74,Colton Wheeler,Desconocido,No tiene galardones ni nominaciones,"The Pine Tar Incident: Making of Tar Wars, The Mindy Project, 2016 • 1 episodio, Humanich H 597(sin acreditar), Muscular Rival","Reparto, Especialistas, Producción"
75,Sophia Manyet,Desconocido,No tiene galardones ni nominaciones,"75, Final Cut, Molly",Reparto
76,Lisette Markham,Desconocido,No tiene galardones ni nominaciones,"50 to 1, Payday, Keep Your Distance, Apocalypse: Key to the Realms",Reparto
77,Tory L. Beckham,Desconocido,No tiene galardones ni nominaciones,"Beasts of the Field, Payday, Capitán América: Civil War, Empire, 2016 • 1 episodio",Reparto
78,Dillon Lynch,Desconocido,No tiene galardones ni nominaciones,Payday,Reparto
79,Devin McCormick,Desconocido,No tiene galardones ni nominaciones,"Payday, From the Furnace, The Reliant, Summer of '67",Reparto
80,Josef Barton,Desconocido,No tiene galardones ni nominaciones,"Horké léto, 6,6, Spravna trefa, Cetnické humoresky, 1997 • 1 episodio",Reparto
81,Veronika Chlachulová,Desconocido,No tiene galardones ni nominaciones,Horké léto,Reparto
82,Nadezda Chroboková,Desconocido,No tiene galardones ni nominaciones,"Horké léto, 7,0, 5,5, 6,4",Reparto
83,Jan Petr,Desconocido,No tiene galardones ni nominaciones,"Capitán América: El primer vengador, Vengadores: La era de Ultrón, Guardianes de la Galaxia, Hellboy II: El ejército dorado","Especialistas, Reparto, Dirección de la segunda unidad o asistencia a dirección"
84,Ivana Plíhalová,Desconocido,No tiene galardones ni nominaciones,"Horké léto, 6,8, 4,9, 4,7",Reparto
85,Jan Preucil,1937,No tiene galardones ni nominaciones,"Zítra vstanu a oparím se cajem, Stalingrado, Roky prelomu, 1989 • 4 episodios, 1994",Reparto
86,Jan Rosák,1947,No tiene galardones ni nominaciones,"Horké léto, 5,8, 4,1, Hodina modrych slonu",Reparto
87,Jirí Ruzicka,1956,No tiene galardones ni nominaciones,"La piovra, 1992 • 6 episodios, 1992, 1973, 1981","Reparto, Guion"
88,Helena Ruzicková,1936,No tiene galardones ni nominaciones,"Trhala fialky dynamitem, Tajemství hradu v Karpatech, Amerika oder der Verschollene, 1969, Woman in Prison","Reparto, Guion"
89,Jindrich Vecera,Desconocido,No tiene galardones ni nominaciones,Horké léto,Reparto
90,Duo Ba,Desconocido,No tiene galardones ni nominaciones,Sin datos,"1988, 1h 25min"
91,Paul Chun,1945,No tiene galardones ni nominaciones,"San bat liu ching, Din lo jing juen, Do ma daan, La venganza del dragón","Reparto, Dirección, Animación"
92,Jiajia Deng,1983,No tiene galardones ni nominaciones,"Quan min mu ji, Yang ming li wan, Wu zheng zhi zui, 2017 • 12 episodios, Yu Xiaohui",Reparto
93,Lifan Dong,Desconocido,No tiene galardones ni nominaciones,"Feng kuang de sai che, Lai ri fang chang, 7,3, Reparto",Reparto
94,Qingzhuo Fang,Desconocido,No tiene galardones ni nominaciones,"Bao zou Mama, 4,2, 5,1, Reparto",Reparto
95,Li Feng,1961,No tiene galardones ni nominaciones,"Diao Chan, Lo foo chut gang, Qun long xi feng, Dragones gemelos",Reparto
96,Tao Guo,1969,No tiene galardones ni nominaciones,"Croczilla, Fu mu ai qing, 2014, 2015, 2012","Reparto, Dirección, Producción"
97,Yitian Hai,Desconocido,No tiene galardones ni nominaciones,"Qing yu nian, 2019 • 18 episodios, Tai Zi, Reparto, Serie de TV",Reparto
98,Jiantao Hong,Desconocido,No tiene galardones ni nominaciones,"Jian dang wei ye, Huang jin tong, 2019 • 1 episodio, 2010, 2021",Reparto
99,Yang Jiao,Desconocido,No tiene galardones ni nominaciones,Sin datos,"Serie de TV, 2023"
100,Orelsan,1982,No tiene galardones ni nominaciones,"Un pequeño favor, Comment c'est loin, OrelSan: Dis moi, 2019, 2013","Music Artist, Guion, Reparto"
101,Gringe,Desconocido,No tiene galardones ni nominaciones,"VTC, 2021 • 4 episodios, 2018, 2018, 2017","Reparto, Guion, Composición"
102,Redouanne Harjane,Desconocido,No tiene galardones ni nominaciones,"M, La tierra y la sangre, Prêt à tout, Mutafukaz","Reparto, Guion, Música"
103,Féodor Atkine,1948,No tiene galardones ni nominaciones,"La última noche de Boris Grushenko, Pauline en la playa, Ronin, Jardines colgantes","Reparto, Equipos adicionales"
104,Julien Kramer,1962,No tiene galardones ni nominaciones,"Vinland Saga, 2019 • 24 episodios, Jordi Chin(voz), Bruce MacchabéeEl Diablo(voz), Voix pub foie gras humain(voz)","Equipos adicionales, Reparto"
105,Emmanuel Karsen,Desconocido,No tiene galardones ni nominaciones,"Napoleon, 2002 • 4 episodios, Peter, Serie de TV, 8,8","Reparto, Equipos adicionales, Sonido"
106,Gilbert Lévy,Desconocido,No tiene galardones ni nominaciones,"XIII, 2003, Donald Gennaro(voz), Videojuego, 5,2","Reparto, Dirección de casting, Equipos adicionales"
107,Kelly Marot,Desconocido,No tiene galardones ni nominaciones,"Corazones del Reino, 2002, Kairi(voz), Marie, Luna(voz)","Reparto, Equipos adicionales"
108,Jérémie Covillault,1976,No tiene galardones ni nominaciones,"No se lo digas a nadie, The Legend of Zelda: Breath of the Wild, 2017, Duke of Anjou, Serie de TV","Reparto, Equipos adicionales, Dirección de la segunda unidad o asistencia a dirección"
109,Alain Dorval,Desconocido,No tiene galardones ni nominaciones,"Les misérables, 1972, Mutafukaz, Des Christs par milliers","Reparto, Equipos adicionales"
110,280 Zay,Desconocido,No tiene galardones ni nominaciones,What Ya Life Like?,Reparto
111,Ali Rawls,Desconocido,No tiene galardones ni nominaciones,What Ya Life Like?,Reparto
112,Shotgun Suge,Desconocido,No tiene galardones ni nominaciones,What Ya Life Like?,Reparto
113,Gabe White,Desconocido,No tiene galardones ni nominaciones,"The Defenders, 2017 • 1 episodio, 2016, 2015, 2017",Reparto
114,Chester Rushing,Desconocido,No tiene galardones ni nominaciones,"Stranger Things, 2016–2017 • 7 episodios, Terry Markazyan, Cameron, Prom Teen #3",Reparto
115,Trina LaFargue,1992,No tiene galardones ni nominaciones,"Los secretos de Sulphur Springs, 2021 • 5 episodios, 2019, 2019, Yolanda",Reparto
116,Gary Stretch,1965,No tiene galardones ni nominaciones,"Dead Man's Shoes, Alejandro Magno, Salvajes, Dead Dogs Lie","Reparto, Producción, Dirección"
117,Kevin Gage,1959,No tiene galardones ni nominaciones,"Heat, La teniente O'Neil, Con Air (Convictos en el aire), Blow","Reparto, Producción, Guion"
118,Joe Anderson,1982,No tiene galardones ni nominaciones,"Across the Universe, The Crazies, Las ruinas, Infierno blanco","Reparto, Música, Banda sonora"
119,Susan McPhail,Desconocido,No tiene galardones ni nominaciones,"La familia que tú eliges, Últimas noticias en Yuba County, The Resident, 2019 • 1 episodio, 2015","Reparto, Equipos adicionales"
120,Thomas Francis Murphy,1953,No tiene galardones ni nominaciones,"Mindhunter, 2017 • 1 episodio, 2013, 2016, Reverend Lewis",Reparto
121,William Mark McCullough,Desconocido,No tiene galardones ni nominaciones,"Quantum Leap, 2022 • 1 episodio, Wolf, Serie de TV, 7,3","Reparto, Producción, Guion"
122,Jason Kirkpatrick,Desconocido,No tiene galardones ni nominaciones,"2 Guns, Marea negra, Evan's Crime, En campaña todo vale","Reparto, Producción, Diseño de producción"
123,Yue Wu,1976,No tiene galardones ni nominaciones,"Ip Man 4: El final, Chinese Kung Fu, 7,2, Huo Yuan Jia, 2001","Reparto, Producción, Dirección"
124,Yan Liu,1980,No tiene galardones ni nominaciones,"Shou yi ren, Meng hua lu, 2022 • 1 episodio, Chu Shao-yinChu Shao-yin (2011), Serie de TV",Reparto
125,Mingcan Zhang,Desconocido,No tiene galardones ni nominaciones,"Restart the Earth, Zhang San Feng, Lover Supermarket, Reparto",Reparto
126,Ruoxi Li,Desconocido,No tiene galardones ni nominaciones,"Sharktopus, Restart the Earth, The Grandmaster of Kungfu, Snow Monster",Reparto
127,Yi Long,Desconocido,No tiene galardones ni nominaciones,Sin datos,"2022, TV-MA, 2h 18min"
128,Simpson Tang,Desconocido,No tiene galardones ni nominaciones,"Mo Shi Ren Jian Dao, Snow Monster, Zhang San Feng",Reparto
129,Ganggang Wang,Desconocido,No tiene galardones ni nominaciones,"Fennu de huangniu, The Dark Battle of Bagua Palm, 6,0",Reparto
130,Bin Wu,Desconocido,No tiene galardones ni nominaciones,"Detective Song Ci, Zhang San Feng",Reparto
131,Hai Yu,1942,No tiene galardones ni nominaciones,"El poder del Tai Chi, Tai-Chi Master, Xin shao lin si, Tong tian zhang lao","Reparto, Especialistas"
132,Zikuan Yu,Desconocido,No tiene galardones ni nominaciones,"Chen qing ling, 2019 • 1 episodio, Reparto, Luo Tiancheng, Serie de TV",Reparto
133,Jade Matthew,Desconocido,No tiene galardones ni nominaciones,"Judy, Suite 313, Bonhoeffer, Serie de TV",Reparto
134,Roland Stone,Desconocido,No tiene galardones ni nominaciones,"Los tres mosqueteros, The Adventures of Maid Marian, Fallen Soldiers, The Programme",Reparto
135,Mario Sarri,Desconocido,No tiene galardones ni nominaciones,Suite 313,Reparto
136,Pierluigi De Santi,Desconocido,No tiene galardones ni nominaciones,"Taeter City, Snow White Meth, Beheaded victim(as Pierluigi Nitas), Jacob(as Pierluigi Nitas)",Reparto
137,Livia Paresi,Desconocido,No tiene galardones ni nominaciones,Suite 313,Reparto
138,Luisa Fioravanti,Desconocido,No tiene galardones ni nominaciones,Suite 313,Reparto
139,Dan Wilder,Desconocido,No tiene galardones ni nominaciones,"Amityville Aliens, Mercury Screams, Horndogs Beach Party","Producción, Guion, Reparto"
140,Maazel Mirko,Desconocido,No tiene galardones ni nominaciones,Suite 313,Reparto
141,Samuel Moreni,Desconocido,No tiene galardones ni nominaciones,Suite 313,Reparto
142,Nicole Kidman,1967,Ganó 1 premio Óscar,"Moulin Rouge, Las horas, Cold Mountain, Los secretos del corazón","Reparto, Producción, Música"
143,Toby Kebbell,1982,Nominado,"El amanecer del planeta de los simios, Cuatro Fantásticos, RocknRolla, Warcraft: El origen",Reparto
144,Tatiana Maslany,1985,Ganó 1 premio Primetime Emmy,"Orphan Black, 2013–2017 • 50 episodios, 2017, 2013, 2004","Reparto, Producción, Banda sonora"
145,Sebastian Stan,1982,Nominado,"Capitán América: El Soldado de Invierno, Capitán América: Civil War, Capitán América: El primer vengador, Vengadores: Endgame","Reparto, Producción, Banda sonora"
146,Scoot McNairy,1977,No tiene galardones ni nominaciones,"Argo, Monsters, 12 años de esclavitud, Mátalos suavemente","Reparto, Producción, Banda sonora"
147,Bradley Whitford,1959,Ganó 3 premios Primetime Emmy,"Déjame salir, El ala oeste de la Casa Blanca, 1999–2006 • 155 episodios, 2013, 2011","Reparto, Producción, Guion"
148,Toby Huss,1966,No tiene galardones ni nominaciones,"Juego de asesinos, Halt and Catch Fire, 2014–2017 • 40 episodios, Kahn Souphanousinphone Sr.Cotton HillJoe Jack, Serie de TV","Reparto, Guion, Arte"
149,James Jordan,1979,No tiene galardones ni nominaciones,"Special Ops: Lioness, 2023 • 8 episodios, Livestock Agent Steve HendonLivestock Agent Hendon, Serie de TV, 7,7",Reparto
150,Beau Knapp,1989,No tiene galardones ni nominaciones,"Seven Seconds, 2018 • 10 episodios, 2018, 2018, 2016","Reparto, Equipos adicionales, Producción"
151,Jade Pettyjohn,2000,No tiene galardones ni nominaciones,"Destroyer: Una mujer herida, Deadwood: La película, 2019, Lexie Richardson, Serie de TV",Reparto
152,Venkatesh Daggubati,1960,No tiene galardones ni nominaciones,"Ganesh, Guru, Jayam Manadera, Dharma Chakram","Reparto, Música, Banda sonora"
153,Ramya Krishnan,1970,No tiene galardones ni nominaciones,"Baahubali: The Beginning, Baahubali 2, la conclusión, Super Deluxe, Padayappa","Reparto, Banda sonora"
154,Ravali,1972,No tiene galardones ni nominaciones,"Subhakankshalu, Fort Kochi, 5,2, 7,0",Reparto
155,Srividya,1953,No tiene galardones ni nominaciones,"Thalapathi, Apoorva Raagangal, Edavazhiyile Poocha Minda Poocha, Daivathinte Vikrithikal","Reparto, Producción"
156,Kaikala Satyanarayana,1935,No tiene galardones ni nominaciones,"Kurukshetramu, Sri Krishnarjuna Yudham, Daana Veera Soora Karna, Ghatotkachudu","Reparto, Producción"
157,Kota Srinivasa Rao,1944,No tiene galardones ni nominaciones,"Dookudu, Ganesh, Athadu, Sarkar","Reparto, Música, Banda sonora"
158,Sri Lakshmi,Desconocido,No tiene galardones ni nominaciones,"Gaganam, Manthrigari Viyyankudu, Aditya 369, Chinnabbayi",Reparto
159,A.V.S. Subramanyam,Desconocido,No tiene galardones ni nominaciones,"Roommates, Uncle, Ori Nee Prema Bangaramkanu, Dirección","Reparto, Dirección, Guion"
160,Indraja,1977,No tiene galardones ni nominaciones,"Ugram, War & Love, Ustaad, Chinnabbayi",Reparto
161,Siva Parvathi,Desconocido,No tiene galardones ni nominaciones,"Vakeel Saab, Orey Thammudu, Chinnabbayi, Yamadonga",Reparto
162,Christopher Benson,1951,No tiene galardones ni nominaciones,"Cero en conducta, Resident Evil 2: Apocalipsis, Pasión por el triunfo, Volando libre",Reparto
163,Corey Benson,Desconocido,No tiene galardones ni nominaciones,"Nightcap, Munger Road, Head Case, 2009, 2012","Cámara y electricidad, Dirección de fotografía y cámara, Dirección"
164,Johnathan Benson,Desconocido,No tiene galardones ni nominaciones,"Devil's Play, Asylum, In Reverie, A Rabbit in the Bike Shed","Dirección de fotografía y cámara, Arte, Edición"
165,John Boyd,1981,No tiene galardones ni nominaciones,"Argo, Matar o morir. Peppermint, La joven del agua, 24, 2010 • 24 episodios","Reparto, Banda sonora"
166,William Carnegie,Desconocido,No tiene galardones ni nominaciones,Street Omen,Reparto
167,Larry Grimey,Desconocido,No tiene galardones ni nominaciones,Street Omen,Reparto
168,Aaron Howard,Desconocido,No tiene galardones ni nominaciones,"Asshole Drunkard, Death","Reparto, Guion"
169,Tom Kerosec,Desconocido,No tiene galardones ni nominaciones,Street Omen,Reparto
170,Jake Madson,Desconocido,No tiene galardones ni nominaciones,Switch Tasking,Equipos adicionales
171,Jon Tu,1963,No tiene galardones ni nominaciones,"Elegidos para el triunfo, Mientras dormías, Phenomenon, La búsqueda (National Treasure)","Producción, Dirección, Guion"
172,Kapil Karzan,Desconocido,No tiene galardones ni nominaciones,"Kala Coat, Lohe Ke Haath, Reparto, 1990",Reparto
173,Meera Madhuri,Desconocido,No tiene galardones ni nominaciones,"Kala Coat, Aaj Ka Maseeha, Reparto, 1991",Reparto
174,Bandini Mishra,Desconocido,No tiene galardones ni nominaciones,"Agnee, Naam O Nishan, Kala Coat, Dilwaala",Reparto
175,Khalil Bhukhari,Desconocido,No tiene galardones ni nominaciones,Kala Coat,Reparto
176,Tom Alter,1950,No tiene galardones ni nominaciones,"Veer-Zaara, Gandhi, Hum Kisise Kum Naheen, Charas","Reparto, Equipos adicionales, Guion"
177,Master Bhagwan,1913,No tiene galardones ni nominaciones,"Albela, Bhagam Bhag, Bachke Rahna, Reparto","Reparto, Dirección, Guion"
178,Mohan Choti,1935,No tiene galardones ni nominaciones,"Anjan Hai Koyee, Jaani Dost, Upkar, Hunterwali 77","Reparto, Dirección, Producción"
179,Kapil Dev,1959,No tiene galardones ni nominaciones,"83, Double XL, Lal Salaam, 6,9",Reparto
180,Dinesh Hingoo,1940,No tiene galardones ni nominaciones,"Baazigar, Hera Pheri, Namak Halaal, Phir Hera Pheri",Reparto
181,Iftekhar,1920,No tiene galardones ni nominaciones,"Don, Sholay, Daag: A Poem of Love, Meri Surat Teri Ankhen","Reparto, Maquillaje, Música"
182,Ron Perlman,1950,Nominado,"La mano de Dios, 2014–2017 • 20 episodios, 2008, 2004, Vincent","Reparto, Producción, Dirección"
183,Famke Janssen,1964,No tiene galardones ni nominaciones,"X-Men: La decisión final, GoldenEye, X-Men, House on Haunted Hill","Reparto, Guion, Dirección"
184,Jacqueline Bisset,1944,Nominado,"Bullitt, Bajo el volcán, Asesinato en el Orient Express, Domino","Reparto, Producción, Banda sonora"
185,Marta Milans,1982,No tiene galardones ni nominaciones,"¡Shazam!, High Maintenance, 2016 • 1 episodio, Sofia, Cocktail Waitress","Reparto, Banda sonora"
186,Guy Burnet,1983,No tiene galardones ni nominaciones,"Oppenheimer, Ray Donovan, 2015 • 3 episodios, Claude Lambert, Serie de TV",Reparto
187,Ned Eisenberg,1957,No tiene galardones ni nominaciones,"Sin límites, El último hombre, A Civil Action (Acción civil), La quema",Reparto
188,David Wohl,1953,No tiene galardones ni nominaciones,"La revancha de los novatos, Hot Shots! 2, The Wackness, La guerra de los Rose","Reparto, Producción"
189,Peter Facinelli,1973,No tiene galardones ni nominaciones,"La saga Crepúsculo: Amanecer (parte 1), Sin rastro, Nurse Jackie, 2009–2015 • 73 episodios, Maxwell Lord","Reparto, Dirección, Producción"
190,Richard Dreyfuss,1947,Ganó 1 premio Óscar,"La chica del adiós, Encuentros en la tercera fase, Tiburón, American Graffiti","Reparto, Producción, Guion"
191,Blake Perlman,1984,No tiene galardones ni nominaciones,"Archer, 2014 • 2 episodios, 2017, Kugler","Reparto, Equipos adicionales, Banda sonora"
192,Shivarajkumar,1962,No tiene galardones ni nominaciones,"Om, Vajrakaya, Nammoora Mandaara Hoove, Jailer","Reparto, Música, Producción"
193,Priyamani,1984,No tiene galardones ni nominaciones,"Paruthiveeran, The Family Man, 2019–2021 • 19 episodios, 2012, 2023",Reparto
194,Saloni Aswani,1987,No tiene galardones ni nominaciones,"Bodyguard, Maryada Ramanna, Kokila, 7,7",Reparto
195,Ashish Vidyarthi,1962,No tiene galardones ni nominaciones,"Haider, 24, 2016 • 23 episodios, 2014, 1994",Reparto
196,Vincent Ashokan,Desconocido,No tiene galardones ni nominaciones,"Vada Chennai, Tik Tik Tik, Captain, Pokkiri",Reparto
197,Avinash,1985,No tiene galardones ni nominaciones,"Killa, Paatal Lok, 2020 • 9 episodios, 2015, 2015","Dirección de fotografía y cámara, Dirección, Guion"
198,Ragini Dwivedi,1990,No tiene galardones ni nominaciones,"Kempe Gowda, Veera Madakari, Ragini IPS, Sorry Karma Returns",Reparto
199,Mohan Juneja,2021,No tiene galardones ni nominaciones,"K.G.F: Chapter 2, K.G.F: Chapter 1, Sri Renuka Devi, Guion","Reparto, Guion"
200,Ravi Kale,Desconocido,No tiene galardones ni nominaciones,"Itlu Amma, Khakee, Shaitan, 2023 • 8 episodios, 2016",Reparto
201,Komal Kumar,Desconocido,No tiene galardones ni nominaciones,"Kempe Gowda 2, Sye, Vamshi, Namo Bhootatma 2","Reparto, Música"
202,Jorge Reynoso,Desconocido,No tiene galardones ni nominaciones,"Mission Kill, La clave 7, El cartel de Michoacán, Guion","Reparto, Guion, Dirección"
203,Azela Robinson,1965,No tiene galardones ni nominaciones,"Sortilegio, 2009 • 95 episodios, Francisca Rivero de Valdés, Laura, Serie de TV","Reparto, Dirección"
204,Sergio Bustamante,1934,No tiene galardones ni nominaciones,"El principio, La antorcha encendida, 1996 • 1 episodio, Jean Valjean, Justo",Reparto
205,Octávio Acosta,Desconocido,No tiene galardones ni nominaciones,"Malditos polleros, 5,2, Doctor, 1992",Reparto
206,Marcos Berumen,Desconocido,No tiene galardones ni nominaciones,"Bizet, Bolder","Dirección de fotografía y cámara, Edición, Producción"
207,Cesar Brindis,Desconocido,No tiene galardones ni nominaciones,"La huella de un asesino, 5,5, Reparto, 1992","Reparto, Equipos adicionales"
208,José Luis Carol,Desconocido,No tiene galardones ni nominaciones,"Operación 67, La isla de los hombres solos, Jugándose la vida, 4,3",Reparto
209,Octávio Castillo,Desconocido,No tiene galardones ni nominaciones,Elizabeth Harvest,Transporte
210,Marisol Cervantes,Desconocido,No tiene galardones ni nominaciones,"Bancazo en Los Mochis, 5,2, 3,8, Doctora","Reparto, Cámara y electricidad"
211,Manolo Cárdenas,Desconocido,No tiene galardones ni nominaciones,"Entre juego y contrabando, Guion, Guion, Guion","Guion, Reparto, Dirección"
212,Bahram Radan,1979,No tiene galardones ni nominaciones,"Santouri, Sham'i dar baad, Adamkosh, Alafzar","Reparto, Producción"
213,Andisheh Fouladvand,Desconocido,No tiene galardones ni nominaciones,"Dracula, 2021 • 14 episodios, 2019, 2007, 2017","Reparto, Banda sonora"
214,Jamshid Hashempur,1944,No tiene galardones ni nominaciones,"Darkoob, Taraj, Akharin khoon, Af'i",Reparto
215,Leila Otadi,Desconocido,No tiene galardones ni nominaciones,"Pesar Koshi, Melancholy, Gando, 2019 • 30 episodios, 2011",Reparto
216,Tannaz Tabatabaei,1983,No tiene galardones ni nominaciones,"Bi roya, Shena-ye Parvaneh, Hiss Dokhtarha Faryad Nemizanand, Khashm va Hayahoo",Reparto
217,Shahpoor Torkaman,Desconocido,No tiene galardones ni nominaciones,Chahar-angoshti,Reparto
218,Mehdi Mahani,Desconocido,No tiene galardones ni nominaciones,"Taghbaz, Khiabane Bisto Chaharom, Aspirin, 2016 • 6 episodios, 2007",Reparto
219,Alireza Kohany,Desconocido,No tiene galardones ni nominaciones,"Sargije, Khaneye roshan, Shahe Khamush, Va'de-ye didar","Reparto, Música, Responsable"
220,Sara Soheili,Desconocido,No tiene galardones ni nominaciones,"Mwah, Chahar-angoshti, Ezdevaj Dar Vaghte Ezafe, Kalashnikov","Reparto, Dirección, Guion"
221,Abhay Deol,1976,No tiene galardones ni nominaciones,"Zindagi Na Milegi Dobara, Dev.D, Raanjhanaa, Oye Lucky! Lucky Oye!","Reparto, Producción, Guion"
222,Paresh Rawal,1955,No tiene galardones ni nominaciones,"Hera Pheri, Phir Hera Pheri, OMG: Oh My God!, Hungama","Producción, Reparto, Banda sonora"
223,Nitu Chandra,1984,No tiene galardones ni nominaciones,"Aadhi Bhagavan, 13B: Fear Has a New Address, Oye Lucky! Lucky Oye!, Yutham Sei","Reparto, Producción"
224,Archana Puran Singh,1962,No tiene galardones ni nominaciones,"Algo sucede en mi corazón, Mohabbatein, Kick, Raja Hindustani","Reparto, Dirección, Producción"
225,Manu Rishi Chadha,1971,No tiene galardones ni nominaciones,"Oye Lucky! Lucky Oye!, Ankhon Dekhi, Kya Dilli Kya Lahore, Laxmii","Reparto, Guion, Música"
226,Richa Chadha,1986,No tiene galardones ni nominaciones,"Gangs of Wasseypur, Masaan, Goliyon Ki Raasleela Ram-leela, Inside Edge, 2017–2021 • 28 episodios","Reparto, Producción, Dirección"
227,Manjot Singh,1992,No tiene galardones ni nominaciones,"Oye Lucky! Lucky Oye!, Udaan, Student of the Year, Fukrey",Reparto
228,Anurag Arora,Desconocido,No tiene galardones ni nominaciones,"Dangal, Kabir Singh, Raees, Hindi Medium","Reparto, Producción"
229,Amandeep Singh Bakshi,Desconocido,No tiene galardones ni nominaciones,Oye Lucky! Lucky Oye!,Reparto
230,Rajendra Sethi,Desconocido,No tiene galardones ni nominaciones,"Tiger: Agente Especial, Delhi Belly, Khosla Ka Ghosla!, Company",Reparto
231,Joanna Orleanska,1974,No tiene galardones ni nominaciones,"Zwerbowana milosc, Ostatnie pietro, Berenika, Sep","Reparto, Producción, Equipos adicionales"
232,Robert Wieckiewicz,1967,No tiene galardones ni nominaciones,"Walesa. La esperanza de un pueblo, El juego más frío, W ciemnosci, Wszystko bedzie dobrze","Reparto, Banda sonora"
233,Krzysztof Stroinski,1950,No tiene galardones ni nominaciones,"Anatomia zla, Rysa, Archiv des Todes, 1980 • 13 episodios, 1999","Reparto, Banda sonora"
234,Sonia Bohosiewicz,1975,No tiene galardones ni nominaciones,"Rezerwat, 39 i pól, 2008–2009 • 29 episodios, 2012, 2009","Reparto, Música, Banda sonora"
235,Maria Seweryn,1975,No tiene galardones ni nominaciones,"Teatr Telewizji, 1997–2011 • 12 episodios, 1996, 2010, 2000",Reparto
236,Leszek Piskorz,1947,No tiene galardones ni nominaciones,"Teatr Telewizji, 1959–2006 • 14 episodios, 2011, Henryk Bednarz, Sulimowicz","Reparto, Equipos adicionales"
237,Adam Woronowicz,1973,No tiene galardones ni nominaciones,"El bautizo, Rewers, El mayordomo (Kamerdyner), Cold War","Reparto, Producción"
238,Dorota Landowska,1968,No tiene galardones ni nominaciones,"Krew z krwi, 2012 • 3 episodios, AnnaMother(segment ""Przed prelekcja""), Ania Kord, Serie de TV","Reparto, Dirección, Guion"
239,Agnieszka Mandat,1953,No tiene galardones ni nominaciones,"Spoor (El rastro), Dom nad rozlewiskiem, 2009 • 11 episodios, 2010, 1981","Reparto, Banda sonora"
240,Marian Czerski,Desconocido,No tiene galardones ni nominaciones,"Zwerbowana milosc, Teatr Telewizji, 1997–2009 • 8 episodios, Jacek Zadrzyk, Doctor",Reparto
241,Jaishankar,1938,No tiene galardones ni nominaciones,"Vallavan Oruvan, Nilagiri Express, Maanavan, Naanum Oru Thozhilaali",Reparto
242,Sanghavi,1977,No tiene galardones ni nominaciones,"Vishnu, Mrugaraaju, Sindhooram, Mannava",Reparto
243,Joseph Vijay,1974,No tiene galardones ni nominaciones,"Mersal, Thuppakki, Master, Kaththi","Reparto, Música, Producción"
244,Sophia Crawford,1966,No tiene galardones ni nominaciones,"Buffy, cazavampiros, 1997–2000 • 77 episodios, Especialistas(Pink Ranger), Serie de TV, 6,5","Especialistas, Reparto, Equipos adicionales"
245,Michael Depasquale Jr.,Desconocido,No tiene galardones ni nominaciones,"Father and Father, 2018, 1998, Muerte a medianoche","Reparto, Producción, Especialistas"
246,Allen Hai-Han Lan,Desconocido,No tiene galardones ni nominaciones,"Kung Fu sion, Ip Man 2, Xiao gui qi bing, Long Teng hu yue, 2002","Reparto, Especialistas, Dirección"
247,Sherry Han,Desconocido,No tiene galardones ni nominaciones,"Central Enforcement, Serie de TV, 7,6, What Should You Do?, 2003 • 1 episodio","Reparto, Guion y continuidad"
248,Mark Houghton,Desconocido,No tiene galardones ni nominaciones,"Elektra, Mission: Impossible, Lo que no se ve, Pisando fuerte","Reparto, Producción, Dirección"
249,Sibelle Hu,1958,No tiene galardones ni nominaciones,"Huan yan, Yuen Chun Hap yu Wai See Lee, Huang tian hou tu, El regreso de los supercamorristas","Reparto, Guion, Equipos adicionales"
250,Kuan-Fa Huang,Desconocido,No tiene galardones ni nominaciones,"Zhong Hua jing hua, Feng liu shi jia qiao gong zi","Reparto, Cámara y electricidad, Edición"
251,Roosevelt Jackson,Desconocido,No tiene galardones ni nominaciones,"Noo More Bully Zone, A Conscious Battle, Dirección(directed by), 2017","Dirección, Guion, Producción"
252,Meredith MacRae,1944,No tiene galardones ni nominaciones,"Bikini Beach, Expreso a Petticoat, 1966–1970 • 114 episodios, Charlotte Graham, Serie de TV","Reparto, Guion, Producción"
253,Cindy Mong,1965,No tiene galardones ni nominaciones,"Qin ai de, wo ai shang bie ren le, 2013 • 12 episodios, 1992, Qu nian dong tian",Reparto
254,Sergey A.,1996,No tiene galardones ni nominaciones,"Deadly Cruise, 2016, Guion, Guion, Guion","Guion, Producción, Dirección de fotografía y cámara"
255,Sergey Lesovoy,Desconocido,No tiene galardones ni nominaciones,"Toxic Plastic, 2016, 2018, Edición, Corto","Reparto, Edición, Guion"
256,Mykola Yeriomin,1992,No tiene galardones ni nominaciones,"Komunalne, Vídeo","Dirección, Guion, Edición"
257,Random People,Desconocido,No tiene galardones ni nominaciones,"What Worth Are 50 UAH on Khreshchatyk?, 2016, 2015, 2016, Sudden Actors",Reparto
258,Arash Taj,Desconocido,No tiene galardones ni nominaciones,"Gorugo 13, Laneye oghab-ha, Reparto, Father",Reparto
259,Akbar Esfahani,Desconocido,No tiene galardones ni nominaciones,"Akharin khoon, Sorb, Avaz-e ghoo, Ejareh-Nesheenha","Reparto, Cámara y electricidad"
260,Ali Torabi,Desconocido,No tiene galardones ni nominaciones,"Dast Neveshteha, Tael, Laneye oghab-ha, 3,4","Reparto, Dirección de producción"
261,Gholam Reza Garshasbi,Desconocido,No tiene galardones ni nominaciones,"Mall Street, 1996, Salam sarzamin-e man","Reparto, Producción, Diseño de producción"
262,Rafi Madadkar,Desconocido,No tiene galardones ni nominaciones,"Dozde-siyahpoush, Dalahoo, Taraj, Hassan Dynamite",Reparto
263,Mehrzad Aatefi,Desconocido,No tiene galardones ni nominaciones,Laneye oghab-ha,Reparto
264,Akbar Ghadami,Desconocido,No tiene galardones ni nominaciones,"Laneye oghab-ha, Reparto, Reparto, Reparto",Reparto
265,Taghi Zanjani,Desconocido,No tiene galardones ni nominaciones,"Mottaham, Reparto","Reparto, Cámara y electricidad"
266,Reynaldo Huerta,Desconocido,No tiene galardones ni nominaciones,"ReEvolución 10/20 Honor sin tiempo, Julian Gallardo, 2018","Reparto, Producción"
267,Javier Espinoza,Desconocido,No tiene galardones ni nominaciones,"Guardianes de la Galaxia Vol. 3, Venom, Capitana Marvel, Thor: Love and Thunder","Efectos visuales, Arte, Edición"
268,Loretta Gamez,Desconocido,No tiene galardones ni nominaciones,Secuestro,Reparto
269,Alexandra Espinoza,Desconocido,No tiene galardones ni nominaciones,"Secuestro, The Mexican",Reparto
270,Mitzy Karo,Desconocido,No tiene galardones ni nominaciones,Secuestro,Reparto
271,Faustino Martinez,Desconocido,No tiene galardones ni nominaciones,Zacahuili,Reparto
272,Cesar Villaseñor,Desconocido,No tiene galardones ni nominaciones,Drop Me Off,Reparto
273,Luis Angel Gutierrez,Desconocido,No tiene galardones ni nominaciones,"Secuestro, The Harvester","Reparto, Arte"
274,Halcón Bravo,Desconocido,No tiene galardones ni nominaciones,Secuestro,Reparto
275,Gustavo Ramirez,Desconocido,No tiene galardones ni nominaciones,"The Oval, 2022 • 7 episodios, Private Vinicius Velo(as Gustavo Ramirez), Hector Sanchez(as Gustavo Ramirez), Freddy Mayorga(as Gustavo Ramirez)","Reparto, Producción, Guion"
276,Man-Yee Ching,Desconocido,No tiene galardones ni nominaciones,"Chung on sat luk: O gei, Qing ren zhi ji, Xi Yang Yang Yu Hui Tai Lang Zhi Xi Qi Yang Yang Guo She Nian, Qiang zha ma mi",Reparto
277,Vincent Cassel,1966,No tiene galardones ni nominaciones,"Cisne negro, Mesrine: Parte 2. Enemigo público nº 1, El odio, Mesrine: Parte 1. Instinto de muerte","Reparto, Producción, Dirección"
278,Cécile de France,1975,No tiene galardones ni nominaciones,"Una casa de locos, Alta tensión, Más allá de la vida, Las muñecas rusas","Reparto, Banda sonora"
279,Gérard Depardieu,1948,Nominado,"Cyrano de Bergerac, El hombre de la máscara de hierro, 1492: La conquista del paraíso, Matrimonio de conveniencia","Reparto, Producción, Dirección"
280,Gilles Lellouche,1972,No tiene galardones ni nominaciones,"No se lo digas a nadie, El gran baño, Quiéreme si te atreves, Pequeñas mentiras sin importancia","Reparto, Dirección, Guion"
281,Roy Dupuis,1963,No tiene galardones ni nominaciones,"Nikita, 1997–2001 • 91 episodios, 2007, 1995, 2005","Reparto, Producción, Dirección"
282,Elena Anaya,1975,No tiene galardones ni nominaciones,"La piel que habito, Habitación en Roma, Wonder Woman, Van Helsing","Reparto, Producción, Dirección de casting"
283,Florence Thomassin,1966,No tiene galardones ni nominaciones,"Largo domingo de noviazgo, Mesrine: Parte 1. Instinto de muerte, No se lo digas a nadie, Une affaire de goût",Reparto
284,Michel Duchaussoy,1938,No tiene galardones ni nominaciones,"Mesrine: Parte 1. Instinto de muerte, Mesrine: Parte 2. Enemigo público nº 1, Confidencias muy íntimas, Milou en mayo","Reparto, Equipos adicionales"
285,Myriam Boyer,1948,No tiene galardones ni nominaciones,"Mesrine: Parte 1. Instinto de muerte, Mesrine: Parte 2. Enemigo público nº 1, La vie devant soi, 2010, 1998","Reparto, Dirección, Guion"
286,Abdelhafid Metalsi,Desconocido,No tiene galardones ni nominaciones,"Múnich, Mesrine: Parte 1. Instinto de muerte, Chérif, 2013–2019 • 60 episodios, Gendre","Reparto, Dirección"
287,Siddhanta Mahapatra,1966,No tiene galardones ni nominaciones,"Kali Sankar, Prem Rogi, Prema Sabuthu Balaban, 7,7","Reparto, Producción"
288,Anubhav Mohanty,1981,No tiene galardones ni nominaciones,"Kali Sankar, Hata Dhari Chalutha, ACP Ranveer, Thank You Bhagban","Reparto, Guion, Producción"
289,Subhasree Ganguly,1990,No tiene galardones ni nominaciones,"Parineeta, Khokababu, Bachchan, Paran Jai Jaliya Re",Reparto
290,Illu Banarjee,Desconocido,No tiene galardones ni nominaciones,"Kiese Dakuchi Kouthi Mate, Mate Ta Love Helare, Aama Bhitare Kichhi Achhi, Matric Fail",Reparto
291,Anita Das,Desconocido,No tiene galardones ni nominaciones,"Tapasya, 7,6, 8,7, 8,4",Reparto
292,Mihir Das,1959,No tiene galardones ni nominaciones,"Je Panche Para Manda, Sakhi Rahila Ae Singha Duara, Kiese Dakuchi Kouthi Mate, Dream Girl",Reparto
293,Bobby Mishra,Desconocido,No tiene galardones ni nominaciones,"Flop Cinema, Producción, 6,9","Reparto, Producción, Guion"
294,Satyaki Misra,Desconocido,No tiene galardones ni nominaciones,"Mana Rahigala Tumari Thare, Kalki, Bapa, Tu Mori Paain: The Last Love Story",Reparto
295,Bijay Mohanty,Desconocido,No tiene galardones ni nominaciones,"Arati, 7,6, 4,4, 5,4","Reparto, Dirección, Dirección de la segunda unidad o asistencia a dirección"
296,Pintu Nanda,1977,No tiene galardones ni nominaciones,"Jai Jagannath, Dosti, I Love You, Nandini I Love U","Reparto, Equipos adicionales"
297,Yinuo Tang,Desconocido,No tiene galardones ni nominaciones,"Shaqiu chong bao, Age of Legends, 2018 • 1 episodio, Fu duizhangFu Lai-Yong, Er Ha",Reparto
298,Ziyi Wang,1982,No tiene galardones ni nominaciones,"Han shan, Wang le qu dong ni, Drug war: La guerra de la droga, The Bullet Vanishes","Reparto, Arte"
299,Yahan Cui,Desconocido,No tiene galardones ni nominaciones,"Shaqiu chong bao, Ne Zha xiang yao ji, Go Fighting, 2017 • 1 episodio",Reparto
300,Da Ying,Desconocido,No tiene galardones ni nominaciones,Sin datos,"2020, 1h 37min"
301,Peilin Zhao,Desconocido,No tiene galardones ni nominaciones,"Qu you feng de di fang, 2023 • 38 episodios, 2021, He Lan",Reparto
302,Zhenlei Zhang,Desconocido,No tiene galardones ni nominaciones,"Shaqiu chong bao, Xiu chun dao, E gun tian shi, Can lan de zhuan shen",Reparto
303,Wang Liao,Desconocido,No tiene galardones ni nominaciones,"Shaqiu chong bao, Jiang ye, 2018 • 2 episodios, Kong Wu",Reparto
304,Muxuan Ma,Desconocido,No tiene galardones ni nominaciones,"Shaqiu chong bao, Li Bai zhi Tian huo liao yuan",Reparto
305,Guo An,2000,No tiene galardones ni nominaciones,"El quinto día, 2023 • 6 episodios, Birthe, Zeugin Isabel, Stefanie",Reparto
306,Yutu Hong,Desconocido,No tiene galardones ni nominaciones,Shaqiu chong bao,Reparto
307,Ethan Juan,1982,No tiene galardones ni nominaciones,"Báng-kah, Gui chui deng zhi huang pizi fen, 2017 • 20 episodios, 2015, 2012","Reparto, Banda sonora"
308,Mark Chao,1984,No tiene galardones ni nominaciones,"Báng-kah, El maestro del yin y el yang: en busca de la eternidad, Crónicas de la tribu fantasma, Sou suo","Reparto, Banda sonora"
309,Ju-Lung Ma,1982,No tiene galardones ni nominaciones,"Zhai nu zhen tan Gui Xiang, Fei yue, long men ke zhan, Luo ri, Da shi dai",Reparto
310,Chia-Yen Ko,1985,No tiene galardones ni nominaciones,"Xiang jian ni, 2019–2020 • 13 episodios, 2015, Vivienne Tsai, Serie de TV","Reparto, Banda sonora"
311,Rhydian Vaughan,1988,No tiene galardones ni nominaciones,"Shanghai Wang: Luan Shi Jia Ren, Girlfriend Boyfriend, Hotel Império, La luz de la noche, 2021–2022 • 24 episodios",Reparto
312,Shih-Sian Wang,1968,No tiene galardones ni nominaciones,"CSIC: I Hero, 2015–2019 • 23 episodios, 2010, Llevo tu nombre grabado","Reparto, Banda sonora"
313,Emerson Tsai,1988,No tiene galardones ni nominaciones,"Wo ke neng bu hui ai ni, 2011 • 8 episodios, 2019, Hsu Ming-fa, Serie de TV","Reparto, Banda sonora"
314,Teng-Hui Huang,1981,No tiene galardones ni nominaciones,"Qi ji de nu er, 2018 • 4 episodios, 2020, Wu Yung-Fong, A-Po",Reparto
315,Han Dian Chen,1984,No tiene galardones ni nominaciones,"Báng-kah, Zhong yi da geda, Bao dao shuang xiong, Ai de mian bao hun",Reparto
316,Feng Hsing,Desconocido,No tiene galardones ni nominaciones,"Lucy, Báng-kah, Bao gao dian yu zhang, Los cañones de Kinmen",Reparto
317,Sadhu Kokila,1966,No tiene galardones ni nominaciones,"Mr. Theertha, Mr. And Mrs. Ramchari, Yajamana, Gange Baare Thunge Baare","Reparto, Composición, Música"
318,Shubha Poonja,1983,No tiene galardones ni nominaciones,"Moggina Manasu, 3Devi, 8,7, Reparto","Reparto, Producción"
319,Roopika,Desconocido,No tiene galardones ni nominaciones,"Janmasthanam, 5,3, Reparto, 2014",Reparto
320,Satya,Desconocido,No tiene galardones ni nominaciones,Sin datos,"1998, Not Rated, 2h 50min"
321,Satyajith,1949,No tiene galardones ni nominaciones,"Maanikya, Uppi 2, Ranathanthra, Sye",Reparto
322,Eustace Kydd,Desconocido,No tiene galardones ni nominaciones,The Wind That Blows,Sin datos
323,Athneal Ollivierre,Desconocido,No tiene galardones ni nominaciones,The Wind That Blows,Sin datos
324,Nolly Simmons,Desconocido,No tiene galardones ni nominaciones,The Wind That Blows,Sin datos
325,Kingsley Stowe,Desconocido,No tiene galardones ni nominaciones,The Wind That Blows,Sin datos
326,AJ Muhlach,Desconocido,No tiene galardones ni nominaciones,"Ang probinsyano, 2017 • 1 episodio, 2017, 2018, 2014",Reparto
327,Phoebe Walker,Desconocido,No tiene galardones ni nominaciones,"Seklusyon, Ang probinsyano, 2019 • 1 episodio, Sandwich",Reparto
328,Jeric Raval,Desconocido,No tiene galardones ni nominaciones,"Anghel dela guardia, Tawagin mo ang lahat ng santo, Sagot ko ang buhay mo, 3,5",Reparto
329,Ali Khatibi,Desconocido,No tiene galardones ni nominaciones,"Pacquiao: The Movie, 3pol Trobol: Huli ka Balbon!, Nightbird, 100 tula para kay Stella",Reparto
330,Oliver Aquino,1989,No tiene galardones ni nominaciones,"T.P.O., Jino to Mari, Tale of the Lost Boys, Ang probinsyano, 2015–2016 • 30 episodios","Reparto, Equipos adicionales"
331,Caleb Santos,Desconocido,No tiene galardones ni nominaciones,"Your Place or Mine?, Chain Mail, 100 tula para kay Stella, Ang babaeng walang pakiramdam","Reparto, Banda sonora"
332,Carlo Lazerna,Desconocido,No tiene galardones ni nominaciones,"Talk Back and You're Dead, Class 3-C Has a Secret, 2016–2018 • 20 episodios, 2015, 2017",Reparto
333,Ronald Moreno,Desconocido,No tiene galardones ni nominaciones,"Maria, A Hard Day, Ang babaeng nawawala sa sarili, Double Barrel",Reparto
334,Dindo Arroyo,Desconocido,No tiene galardones ni nominaciones,"Ang TV Movie: The Adarna Adventure, Kristo, Ang probinsyano, 2016–2017 • 18 episodios, 1999",Reparto
335,Mon Confiado,Desconocido,No tiene galardones ni nominaciones,Sin datos,Sin datos
336,Denzel Washington,1954,Ganó 2 premios Óscar,"Fences, El libro de Eli, Training Day (Día de entrenamiento), Antwone Fisher","Reparto, Producción, Dirección"
337,Mark Wahlberg,1971,Nominado,"The Fighter, Boogie Nights, Infiltrados, Ted","Producción, Reparto, Composición"
338,Paula Patton,1975,No tiene galardones ni nominaciones,"Precious, Misión: Imposible - Protocolo fantasma, Déjà Vu (Cambiando el pasado), Warcraft: El origen","Reparto, Producción, Equipos adicionales"
339,Bill Paxton,1955,Nominado,"Aliens. El regreso, Escalofrío, Apolo 13, Twister","Reparto, Producción, Guion"
340,Edward James Olmos,1947,Nominado,"Galáctica, estrella de combate, 2004–2009 • 74 episodios, 1997, 1988, 1982","Reparto, Producción, Dirección"
341,Robert John Burke,1960,No tiene galardones ni nominaciones,"RoboCop 3, Thinner, Confesiones de una mente peligrosa, 2 Guns",Reparto
342,James Marsden,1973,Nominado,"Hairspray, X-Men, Encantada: La historia de Giselle, 27 vestidos","Reparto, Banda sonora"
343,Greg Sproles,Desconocido,No tiene galardones ni nominaciones,"Black Panther, Guardianes de altamar, 2 Guns, Los juegos del hambre: Sinsajo - Parte 2","Especialistas, Reparto, Producción"
344,Fred Ward,1942,No tiene galardones ni nominaciones,"Short Cuts - Vidas cruzadas, Temblores, Reacción en cadena, Elegidos para la gloria","Reparto, Producción, Equipo ejecutivo"
345,Patrick Fischler,1969,No tiene galardones ni nominaciones,"Mad Men, 2008 • 4 episodios, Smoothie, Dan, Película de TV","Reparto, Producción, Guion"
346,Miles O'Keeffe,1954,No tiene galardones ni nominaciones,"Ator 2. El invencible, Ator el poderoso, El caballero verde, Ator: el guerrero de hierro",Reparto
347,Peter Colvey,Desconocido,No tiene galardones ni nominaciones,"Loca academia de policía 3: De vuelta a la escuela, Dead Silent, Laserhawk, El club de medianoche, 1993–1994 • 2 episodios",Reparto
348,Jason Cavalier,Desconocido,Nominado,"X-Men: Días del futuro pasado, La huida (Deadfall), Asesinos cibernéticos (Screamers), Moonfall","Reparto, Especialistas, Producción"
349,Lynne Adams,Desconocido,No tiene galardones ni nominaciones,"X-Men: Fénix Oscura, Matar a Santa, Johnny Mnemonic, Timeline",Reparto
350,Sabine Karsenti,Desconocido,No tiene galardones ni nominaciones,"Campo de batalla: La Tierra, El Cuervo, 1998–1999 • 22 episodios, 1998, 1995",Reparto
351,Frank Fontaine,1936,No tiene galardones ni nominaciones,"La alianza del mal, El día de mañana, Viaje al centro de la Tierra, Pánico nuclear","Reparto, Equipos adicionales"
352,Fred Williamson,1938,No tiene galardones ni nominaciones,"Abierto hasta el amanecer, M*A*S*H, Starsky & Hutch, Boss Nigger","Reparto, Producción, Dirección"
353,Louis Pharand,Desconocido,No tiene galardones ni nominaciones,"Assassin's Creed: Ascendance, 2010, Producción, Efectos visuales(Toonteck Inc.), Videojuego","Producción, Guion, Efectos visuales"
354,Michael O'Reilly,Desconocido,No tiene galardones ni nominaciones,"Doctors, 2021 • 1 episodio",Reparto
355,Sam Stone,Desconocido,No tiene galardones ni nominaciones,"El caso Slevin, El caso Fischer, El mundo según Barney, Loca academia de policía 3: De vuelta a la escuela",Reparto
356,Óscar Aragonés,Desconocido,No tiene galardones ni nominaciones,"Terrados, Pàtria, La Riera, 2010 • 1 episodio, 2013",Reparto
357,Àngels Bassas,1971,No tiene galardones ni nominaciones,"Entre las piernas, Punta Escarlata, 2011 • 6 episodios, 2009, Leticia Jiménez",Reparto
358,Dani Bernabe,Desconocido,No tiene galardones ni nominaciones,"Doctrina: el pecat original i la reinserció, Abel, Guerau d'Alemany, Reparto","Reparto, Producción, Dirección de producción"
359,David Canals,Desconocido,No tiene galardones ni nominaciones,Pàtria,Reparto
360,Pol Cardona,Desconocido,No tiene galardones ni nominaciones,"Kilo, Mal tiempo, 15K, Cordón Policial","Reparto, Guion, Dirección"
361,Joan Frank Charansonnet,1971,No tiene galardones ni nominaciones,"Dime quién soy, 2020–2021 • 9 episodios, 2020, Eddy Velasco, Serie de TV","Reparto, Guion, Dirección"
362,Juna Charansonnet,Desconocido,No tiene galardones ni nominaciones,"El Cas Àngelus. La fascinació de Dalí, 4,6, Nadia, 2014",Reparto
363,Gala Charanssonet,Desconocido,No tiene galardones ni nominaciones,"El Cas Àngelus. La fascinació de Dalí, 4,6, Niña escuela, Oliva",Reparto
364,Elena Codó,Desconocido,No tiene galardones ni nominaciones,"El Cas Àngelus. La fascinació de Dalí, Blanca, Sicounin, Blanca (Dona)",Reparto
365,Oriol Corriu,Desconocido,No tiene galardones ni nominaciones,Pàtria,Reparto
366,Holmes Osborne,1947,No tiene galardones ni nominaciones,"Donnie Darko, Southland Tales, The Wonders, Identidad",Reparto
367,David Leitch,1975,No tiene galardones ni nominaciones,"Bullet Train, John Wick (Otro día para matar), Atómica, Fast & Furious: Hobbs & Shaw","Dirección, Producción, Especialistas"
368,Kelly Hu,1968,No tiene galardones ni nominaciones,"The Scorpion King (El rey escorpión), El gran torneo, Viernes 13 VIII: Jason toma Manhattan, Las Tortugas Ninja, 2013–2017 • 31 episodios","Reparto, Banda sonora"
369,Eric Roberts,1956,Nominado,"El tren del infierno, Puro vicio, El caballero oscuro, Los mercenarios","Reparto, Producción, Banda sonora"
370,Ernie Hudson,1945,No tiene galardones ni nominaciones,"Los Cazafantasmas, The Family Business, 2018–2022 • 34 episodios, 1989, 1994","Reparto, Producción, Guion"
371,Michael T. Weiss,1962,No tiene galardones ni nominaciones,"Pretender, 1996–2000 • 86 episodios, 1995, 1996, 2010","Reparto, Dirección"
372,Mitchell Gaylord,1961,No tiene galardones ni nominaciones,"Días rebeldes, Batman Forever, American risciò, Time Master","Reparto, Especialistas"
373,Lin Shaye,1943,No tiene galardones ni nominaciones,"Insidious, Dead End: Atajo al infierno, Insidious (capítulo 3), Algo pasa con Mary","Reparto, Producción, Equipos adicionales"
374,Kyle Reese,Desconocido,No tiene galardones ni nominaciones,"Some Good News, 2020 • 1 episodio, Comedian - 'ThoseKleinBoyz'Self, Serie de TV, Corto","Reparto, Equipos adicionales, Vestuario"
375,Sean Michael Rabbit,Desconocido,No tiene galardones ni nominaciones,Sledge: The Untold Story,Reparto
376,Jorge Luis Villacorta Santamato,Desconocido,No tiene galardones ni nominaciones,"Disrupted Expectations 2: Becoming the Research Director, Dirección, 2023, 2020","Dirección, Reparto, Guion"
377,Vladimir Litvinov,1951,No tiene galardones ni nominaciones,"Russkiy bunt, Groza nad Rusyu, Retrum, 4,5",Reparto
378,Aleksandr Martynov,1948,No tiene galardones ni nominaciones,"Paren po vyzovu, Poterpevshiy, 7,2, 5,5","Reparto, Guion"
379,Nikolai Prokopovich,1925,No tiene galardones ni nominaciones,"Bratya Karamazovy, 17 instantes de una primavera, 1973 • 7 episodios, 1975, 1978",Reparto
380,Jeetendra,1942,No tiene galardones ni nominaciones,"Kalyug Ke Avtaar, Mawaali, Om Shanti Om, Dharm Adhikari","Reparto, Equipos adicionales, Dirección de la segunda unidad o asistencia a dirección"
381,Shatrughan Sinha,1945,No tiene galardones ni nominaciones,"Dostana, Tanhai, Kaala Patthar, Choron Ki Baaraat","Reparto, Música, Producción"
382,Shah Rukh Khan,1965,No tiene galardones ni nominaciones,"Don 2, Mi nombre es Khan, Devdas, Jab Tak Hai Jaan","Reparto, Producción, Música"
383,Raveena Tandon,1971,No tiene galardones ni nominaciones,"Aks, K.G.F: Chapter 2, Andaz Apna Apna, Bbuddah... Hoga Terra Baap","Reparto, Producción"
384,Anupam Kher,1955,Nominado,"Hotel Bombay, The Accidental Prime Minister, Saaransh, Khosla Ka Ghosla!","Reparto, Producción, Música"
385,Tinnu Anand,1945,No tiene galardones ni nominaciones,"Ghajini, Sita Ramam, Kaalia, Shahenshah","Reparto, Dirección, Guion"
386,Kiran Juneja,1964,No tiene galardones ni nominaciones,"Mahabharat, 1988–1990 • 92 episodios, 2007, 2006, Mandira","Reparto, Producción"
387,Beena Banerjee,1943,No tiene galardones ni nominaciones,"Koi... Mil Gaya, Qayamat Se Qayamat Tak, Radhe Shyam, Isi Ka Naam Zindagi","Reparto, Maquillaje, Equipos adicionales"
388,Aashif Sheikh,1960,No tiene galardones ni nominaciones,"Bhabi Ji Ghar Par Hai, 2015–2023 • 1951 episodios, 1995, 1997, 2023",Reparto
389,Neelima Azim,1958,No tiene galardones ni nominaciones,"Salim Langde Pe Mat Ro, Itihaas, Sadak, Blackmail","Reparto, Música"
390,Jim Belushi,1954,Nominado,"Danko: Calor rojo, Superagente K-9, Saturday Night Live, 1983–1985 • 33 episodios, 1997","Reparto, Música, Producción"
391,Michael Beach,1963,No tiene galardones ni nominaciones,"Aquaman, Dahmer - Monstruo: La historia de Jeffrey Dahmer, 2022 • 6 episodios, 1997, KareemCaptain Moore","Reparto, Producción"
392,Timothy Dalton,1946,No tiene galardones ni nominaciones,"007: Alta tensión, 007: Licencia para matar, Arma fatal, Rocketeer","Reparto, Banda sonora"
393,Steve Railsback,1945,No tiene galardones ni nominaciones,"Lifeforce: Fuerza vital, Profesión: El especialista, Ed Gein, Barb Wire","Reparto, Producción, Dirección"
394,Carlton Wilborn,1964,No tiene galardones ni nominaciones,"Beautiful boy, siempre serás mi hijo, Bosch, 2016 • 1 episodio, 2016","Reparto, Guion, Producción"
395,Vanessa Angel,1966,No tiene galardones ni nominaciones,"Vaya par de idiotas, Los superbabies, El rey de Nueva York, ¡Alto!, o mi madre dispara",Reparto
396,Jamie Harris,1963,No tiene galardones ni nominaciones,"El truco final (El prestigio), El Nuevo Mundo. The New World, El origen del planeta de los simios, Una serie de catastróficas desdichas de Lemony Snicket",Reparto
397,David O'Donnell,1974,No tiene galardones ni nominaciones,"Trece días, In Search of Fellini","Reparto, Producción, Guion"
398,Tim Kelleher,Desconocido,No tiene galardones ni nominaciones,"Tortugas ninja III, Trece días, Origen, Independence Day","Reparto, Dirección, Guion"
399,Skip Carlson,Desconocido,No tiene galardones ni nominaciones,Bats. Murciélagos,Especialistas
400,Sadaha Sivam,1977,No tiene galardones ni nominaciones,"Kaithi, Ponniyin Selvan: Part One, Theeran Adhigaaram Ondru, Aayirathil Oruvan","Reparto, Dirección de la segunda unidad o asistencia a dirección, Música"
401,Tamannaah Bhatia,1989,No tiene galardones ni nominaciones,"Baahubali: The Beginning, 100% Love, Baahubali 2, la conclusión, K.G.F: Chapter 1",Reparto
402,Milind Soman,1965,No tiene galardones ni nominaciones,"Bajirao Mastani, Arn: El caballero templario, Arn, 2010 • 4 episodios, 2003","Reparto, Producción, Música"
403,Jagan,Desconocido,No tiene galardones ni nominaciones,"Ayan, Rocketry: The Nambi Effect, Maryan, Ambuli",Reparto
404,Omar Lateef,Desconocido,No tiene galardones ni nominaciones,"Paiyaa, Bramman, Madrasapattinam, Poi Solla Porom",Reparto
405,Sonia,1999,No tiene galardones ni nominaciones,"Scream, The Equalizer 3, Jappeloup: de padre a hijo, Megalópolis",Reparto
406,Arpit Ranka,1983,No tiene galardones ni nominaciones,"Mahabharat, 2013–2014 • 258 episodios, Maharaj Kans, Bhoora, Reparto",Reparto
407,Jasper,1997,No tiene galardones ni nominaciones,"El granjero astronauta, La fuerza de la naturaleza, 90 minutos en el Cielo, I Love Us","Reparto, Banda sonora"
408,Rajkumar Kanojia,1972,No tiene galardones ni nominaciones,"Radhe, La chica con la esmeralda india, 2013 • 2 episodios, 2021, 2006",Reparto
409,A.R. Manikandan,Desconocido,No tiene galardones ni nominaciones,"Rocketry: The Nambi Effect, Thalaivi, Karthik Calling Karthik, Thalaivaa",Reparto
410,Talgat Assetov,Desconocido,No tiene galardones ni nominaciones,"Killer, Kairat",Reparto
411,Roksana Abouova,Desconocido,No tiene galardones ni nominaciones,Killer,Reparto
412,Ye. Abdigaliyev,Desconocido,No tiene galardones ni nominaciones,Killer,Reparto
413,V. Badilbayev,Desconocido,No tiene galardones ni nominaciones,Killer,Reparto
414,T. Bayeva,Desconocido,No tiene galardones ni nominaciones,"Ispolnitel prigovora, Killer","Reparto, Equipos adicionales"
415,Omirbek Boranbayev,Desconocido,No tiene galardones ni nominaciones,Killer,Reparto
416,G. Gilyarov,Desconocido,No tiene galardones ni nominaciones,Killer,Reparto
417,M. Kaysenova,Desconocido,No tiene galardones ni nominaciones,Killer,Reparto
418,A. Kekilbayeva,Desconocido,No tiene galardones ni nominaciones,Killer,Reparto
419,A. Khambazayev,Desconocido,No tiene galardones ni nominaciones,Killer,Reparto
420,Michael Rivero,Desconocido,No tiene galardones ni nominaciones,"Spirits: Reawaken, 2018 • 10 episodios, Bok SamonteBokMacario Samonte, 1998",Reparto
421,Rita Magdalena,Desconocido,No tiene galardones ni nominaciones,"Evangeline katorse, Cassandra, 1998",Reparto
422,Jorge Estregan,Desconocido,No tiene galardones ni nominaciones,"Manila Kingpin: The Asiong Salonga Story, El Presidente, Boy Golden, Magnum Muslim .357","Reparto, Guion, Producción"
423,Dante Rivero,Desconocido,No tiene galardones ni nominaciones,"On the Job 2: The Missing 8, A Very Special Love, Lapu-Lapu, Sa dibdib ng Sierra Madre","Reparto, Dirección, Producción"
424,Alma Soriano,Desconocido,No tiene galardones ni nominaciones,"Sugat sa puri, Sakim sa pag-ibig, Reparto, 1999",Reparto
425,Ina Alegre,Desconocido,No tiene galardones ni nominaciones,"Suspek, Banal, Sapul, Magic Kombat","Reparto, Producción"
426,Angela Luis,Desconocido,No tiene galardones ni nominaciones,"Encantadia, 2016–2017 • 218 episodios, Ma. Patrice 'PeachyPancakes' Real, Peachy, Serie de TV",Reparto
427,Mikey Macapagal Arroyo,Desconocido,No tiene galardones ni nominaciones,"Di kita ma-reach, Simon, 2001",Reparto
428,Dencio Padilla,Desconocido,No tiene galardones ni nominaciones,"Kahit konting pagtingin, Ito ang Maynila, Reparto, Nardong Lugaw","Reparto, Guion"
429,Conrad Poe,Desconocido,No tiene galardones ni nominaciones,"Alyas Boy Kano, 7,8, Hitman, Karim","Reparto, Guion"
430,Josh Hartnett,1978,No tiene galardones ni nominaciones,"El caso Slevin, 30 días de oscuridad, The Faculty, Black Hawk derribado","Reparto, Producción"
431,Ewan McGregor,1971,Ganó 1 premio Primetime Emmy,"Moulin Rouge, Trainspotting, Agosto, T2: Trainspotting","Reparto, Producción, Guion"
432,Tom Sizemore,1961,No tiene galardones ni nominaciones,"Salvar al soldado Ryan, Black Hawk derribado, The Relic, Heat","Reparto, Producción, Guion"
433,Eric Bana,1968,No tiene galardones ni nominaciones,"Dirty John, 2018–2019 • 8 episodios, 2005, 2004, 2000","Reparto, Guion, Producción"
434,William Fichtner,1956,No tiene galardones ni nominaciones,"Crash (Colisión), Furia ciega, Black Hawk derribado, Armageddon","Reparto, Producción, Dirección"
435,Ewen Bremner,1972,No tiene galardones ni nominaciones,"T2: Trainspotting, Trainspotting, Wonder Woman, Alien vs. Predator","Reparto, Producción, Composición"
436,Sam Shepard,1943,Nominado,"Agosto, Black Hawk derribado, Mud, Elegidos para la gloria","Reparto, Guion, Dirección"
437,Gabriel Casseus,1972,No tiene galardones ni nominaciones,"Ladrones, G-Force: Licencia para espiar, Al diablo con el diablo, Black Hawk derribado","Reparto, Guion, Producción"
438,Kim Coates,1958,No tiene galardones ni nominaciones,"Bad Blood, 2017–2018 • 14 episodios, Alexander 'Tig' Trager, Ronnie Hortense, Miniserie de TV","Reparto, Producción"
439,Hugh Dancy,1975,Nominado,"Hannibal, 2013–2015 • 39 episodios, 2009, 2011, 2004","Reparto, Producción, Banda sonora"
440,Hikaru Iwamoto,Desconocido,No tiene galardones ni nominaciones,"Bad Boys J, 2013 • 4 episodios, My Boyfriend in Orange, Gekijouban Bad Boys J: Saigo ni mamorumono",Reparto
441,Jesse,1988,Nominado,"El irlandés, Noche de juegos, El poder del perro, Battleship","Reparto, Música, Producción"
442,Taiga Kyômoto,Desconocido,No tiene galardones ni nominaciones,"Ninjani sanjou! Mirai e no tatakai, Shonentachi, 7,4, Tang",Reparto
443,Bahardin,Desconocido,No tiene galardones ni nominaciones,Penumpas Ajaran Sesat,Reparto
444,Muni Cader,Desconocido,No tiene galardones ni nominaciones,"Penumpas Ajaran Sesat, Blatang Tony, Kohar, 1984",Reparto
445,Harry Capri,Desconocido,No tiene galardones ni nominaciones,"Penumpas Ajaran Sesat, 5,2, 5,6, 5,1",Reparto
446,Hazni Zulaikah H.,Desconocido,No tiene galardones ni nominaciones,Penumpas Ajaran Sesat,Reparto
447,Devi Ivonne,Desconocido,No tiene galardones ni nominaciones,"Siluman Teluk Gonggo, Penumpas Ajaran Sesat, Reparto(as Devi Ivone), Reparto(as Devi Ivon)",Reparto
448,Arifin Kid,Desconocido,No tiene galardones ni nominaciones,"Penumpas Ajaran Sesat, Reparto, 1964",Reparto
449,Fitri Yaty Liana,Desconocido,No tiene galardones ni nominaciones,Penumpas Ajaran Sesat,Reparto
450,Mulyani Mahino,Desconocido,No tiene galardones ni nominaciones,Penumpas Ajaran Sesat,Reparto
451,Obet Mahino,Desconocido,No tiene galardones ni nominaciones,Penumpas Ajaran Sesat,Reparto
452,Jack Maland,Desconocido,No tiene galardones ni nominaciones,"Penumpas Ajaran Sesat, 3,8, Reparto, Reparto",Reparto
453,Rubel,1968,No tiene galardones ni nominaciones,"Bichchu Bahini, Bagher Thaba, Reparto, Emon","Reparto, Producción, Dirección"
454,Mishela,Desconocido,No tiene galardones ni nominaciones,Utthan Poton,Reparto
455,Shahidul Islam Khokon,2016,No tiene galardones ni nominaciones,"Vondo, Madam Fuli, Lal Sobuj, Sotorko Shoitan","Dirección, Guion, Dirección de la segunda unidad o asistencia a dirección"
456,Sohana,Desconocido,No tiene galardones ni nominaciones,"Brihonnola, Khelaghor, Ayna, Chandragrohon","Reparto, Diseño de vestuario, Producción"
457,Sabiha,1961,No tiene galardones ni nominaciones,"El silencio del agua, Saving Face, 2012, 2007, 2013","Dirección, Guion, Producción"
458,Humayun Faridi,1952,No tiene galardones ni nominaciones,"Matritwa, Palabi Kothae, Pret, 2001 • 9 episodios, Kabir Zaman","Reparto, Música, Producción"
459,Jumbo,1985,No tiene galardones ni nominaciones,"The Good Wife, 2015–2016 • 22 episodios, 2016, 2015, DC Bethany Whelan","Reparto, Producción"
460,Ilias Cobra,Desconocido,No tiene galardones ni nominaciones,"Badha, Bagher Thaba, 7,6, 8,1","Reparto, Especialistas"
461,Jacky Alamgir,Desconocido,No tiene galardones ni nominaciones,"Ondho Prem, Nirmom, Malamal, 7,9",Reparto
462,Kabir Khan,1971,No tiene galardones ni nominaciones,"Bajrangi Bhaijaan, 83, Tiger: Agente Especial, Kabul Express","Producción, Dirección, Guion"
463,Liron Levo,1972,No tiene galardones ni nominaciones,"Múnich, Strangers, Un lugar donde quedarse (This Must Be the Place), Ha-E, 2007–2009 • 21 episodios","Reparto, Producción, Dirección"
464,Yafit Shalev,Desconocido,No tiene galardones ni nominaciones,"Premium Service, Children of the Fall, Cannon Fodder, The Human Equation, 2016","Producción, Reparto, Dirección de casting"
465,Roi Miller,Desconocido,No tiene galardones ni nominaciones,"Ha-E, 2008 • 1 episodio, 2022, 2017, 2013",Reparto
466,Emos Ayeno,Desconocido,No tiene galardones ni nominaciones,"Under the Shadow of the Sun, Cannon Fodder, Holy Lands, Down the River",Reparto
467,Amit Leor,Desconocido,No tiene galardones ni nominaciones,"Cannon Fodder, Fair Fight","Reparto, Guion y continuidad"
468,Shira Kedem-Katzenelenbogen,1979,No tiene galardones ni nominaciones,"Ave Gradiva, 2023, Pazit(as Shira Katzenelenbogen), Jeebly's secretary(as Shira Katzenelenbogen), Michal(as Shira Katzenelenbogen)",Reparto
469,Gome Sarig,Desconocido,No tiene galardones ni nominaciones,"Tefer Patuach, 3,9, Corto, Liova Schneersohn","Reparto, Equipos adicionales"
470,Ronen Shemi,Desconocido,No tiene galardones ni nominaciones,"MotorBanker, 2013, 2021, 2022, 2013","Reparto, Guion"
471,Erez Eisenstein,Desconocido,No tiene galardones ni nominaciones,"How to be Alone, Lemonade, Amnesia, Somethin' Stupid","Equipos adicionales, Dirección, Guion"
472,Tomer Elias,Desconocido,No tiene galardones ni nominaciones,Sin datos,"2016, 18min"
473,Jason Sabala,Desconocido,No tiene galardones ni nominaciones,"Two Fisted, The Heater, Lie Detector, The Astonished Man","Reparto, Producción"
474,Robert Blanche,1962,No tiene galardones ni nominaciones,"Hombres de honor, Rose Red, 2002 • 2 episodios, 2020, 2006","Reparto, Guion, Producción"
475,Andrew Harris,Desconocido,No tiene galardones ni nominaciones,"Adiós, muñeca",Reparto
476,Sarah Rosenberg,Desconocido,No tiene galardones ni nominaciones,"Coffee. Or Something, Jóvenes incomprendidas, Caso abierto, 2003 • 1 episodio, 2004","Reparto, Guion, Producción"
477,Jon Lighty,Desconocido,No tiene galardones ni nominaciones,"Two Fisted, The Entry, Shooting Nick, Come Hell or Highwater","Reparto, Especialistas"
478,Mo Davis,junio,No tiene galardones ni nominaciones,"Des Hoyaa Pardes, Cut Throat, 4,4, Corto",Reparto
479,Gray Eubank,1953,No tiene galardones ni nominaciones,"Alma salvaje, Rastro oculto, Lejos de la tierra quemada, Star Fox: Assault, 2005",Reparto
480,Tanner Phelps,1996,No tiene galardones ni nominaciones,"Say Uncle, Two Fisted, America's History in the Making",Reparto
481,Yoshio Harada,1940,No tiene galardones ni nominaciones,"Rônin-gai, Kiss yori kantan, Onibi, Ware ni utsu yoi ari","Reparto, Producción"
482,Kanako Higuchi,1958,No tiene galardones ni nominaciones,"Rônin-gai, Casshern, Amida-do dayori, Kagerô",Reparto
483,Renji Ishibashi,1941,No tiene galardones ni nominaciones,"Rônin-gai, Audition, Ware ni utsu yoi ari, Kamen raidâ Dikeido, 2009 • 31 episodios","Reparto, Banda sonora"
484,Kaoru Sugita,Desconocido,No tiene galardones ni nominaciones,"Kaze, surôdaun, 5,7","Producción, Dirección de producción"
485,Hiroko Isayama,Desconocido,No tiene galardones ni nominaciones,"Shiroi yubi no tawamure, Silencio, Ichijo Sayuri: Nureta yokujo, Kage gari: Hoero taihô",Reparto
486,Takuya Fujisaki,Desconocido,No tiene galardones ni nominaciones,"Urutoraman Tiga, 1997 • 1 episodio, 1990, Seifuku shojo: Za ejiki",Reparto
487,Moeko Ezawa,Desconocido,No tiene galardones ni nominaciones,"Ôedo: (Maruhi) onna isha arashi, 6,4, 6,7, 6,5",Reparto
488,Tatsu Nakamura,Desconocido,No tiene galardones ni nominaciones,"Apocalipsis 1999, Rônin-gai, Kaze no shisen, Kôge - Ichibu: Waremokô no shô",Reparto
489,Manko Kurenai,Desconocido,No tiene galardones ni nominaciones,"Rônin-gai, Kenjû to medamayaki, 6,4, 7,6",Reparto
490,Yukie Kagawa,Desconocido,No tiene galardones ni nominaciones,"Taiyô sentai Sanbarukan, 1981–1982 • 28 episodios, Amazon Killer, Girl in Village - Karen's Friend(as Hiroko Nishi), Serie de TV",Reparto
491,Navi Rawat,1977,No tiene galardones ni nominaciones,"Atrapados, The O.C., 2003–2006 • 13 episodios, Amita Ramanujan, Soraya",Reparto
492,Krista Allen,abril,No tiene galardones ni nominaciones,"Belleza y poder, 2021–2023 • 303 episodios, Jenna Avid, Stacy, Tuffy","Reparto, Banda sonora"
493,Balthazar Getty,1975,No tiene galardones ni nominaciones,"El señor de las moscas, Carretera perdida, Atrapados, Intrépidos forajidos","Reparto, Producción, Música"
494,Judah Friedlander,1969,No tiene galardones ni nominaciones,"Atrapados, Rockefeller Plaza, 2006–2013 • 138 episodios, 2003, 2015","Reparto, Guion, Dirección"
495,Duane Whitaker,1959,No tiene galardones ni nominaciones,"Pulp Fiction, Atrapados, Abierto hasta el amanecer 2: Texas Blood Money, 1999, 1992","Reparto, Guion, Producción"
496,Chauntae Davies,1979,No tiene galardones ni nominaciones,"Atrapados, Resacón en Las Vegas, Have Love, Will Travel, The Journeys, 2011 • 1 episodio","Casting, Reparto, Equipos adicionales"
497,Hannah Bernall,Desconocido,No tiene galardones ni nominaciones,"Atrapados, Rows, Todo sobre mi desmadre, She's a Blur","Reparto, Guion, Producción"
498,Diane Ayala Goldner,1956,No tiene galardones ni nominaciones,"Miguel, 2018 • 1 episodio, 2005, Mrs. Montano, Serie de TV",Reparto
499,Josh Zuckerman,1985,No tiene galardones ni nominaciones,"Austin Powers en Miembro de Oro, Sobreviviendo a la Navidad, Atrapados, Sex Drive","Reparto, Guion, Dirección"
500,Henry Rollins,1961,No tiene galardones ni nominaciones,"Johnny Mnemonic, Atrapados, He Never Died, Carretera perdida","Reparto, Producción, Guion"
501,Errol Sadler,Desconocido,No tiene galardones ni nominaciones,"Cooking Up Christmas, 2020, 2022, 2021","Producción, Reparto, Guion"
502,Doris Morgado,Desconocido,No tiene galardones ni nominaciones,"Logan, 2 Guns, El mensajero, Mentes criminales, 2017 • 1 episodio","Reparto, Producción"
503,Ted Huckabee,1973,No tiene galardones ni nominaciones,"Vamos de polis, Ella es el partido, El vuelo (Flight), Matar al mensajero","Reparto, Guion"
504,Cheri Christian,Desconocido,No tiene galardones ni nominaciones,"La señal - The Signal, Dark remains: el pánico nunca muere, Love Fever, Witch Hunters Extraordinaire, 2002 • 9 episodios","Reparto, Equipos adicionales"
505,Neko Parham,1972,No tiene galardones ni nominaciones,"Ant-Man, Sabotage, Broken Aster, Kingpin, 2003 • 3 episodios","Reparto, Guion, Producción"
506,Onira Tares,1981,No tiene galardones ni nominaciones,"Ant-Man, Project Almanac, ATL, Sully","Reparto, Producción"
507,E. Roger Mitchell,febrero,No tiene galardones ni nominaciones,"Los juegos del hambre: En llamas, The Equalizer: El protector, Sully, La quinta ola","Reparto, Producción, Guion"
508,Michael Lartey,Desconocido,No tiene galardones ni nominaciones,"Blackhats, Inevitable, In This Corner, Turning on a Dime","Reparto, Cámara y electricidad"
509,Greg Corbett,Desconocido,No tiene galardones ni nominaciones,"Mr. Mercedes, 2018 • 2 episodios, Officiant, Serie de TV, 5,8",Reparto
510,Vince Canlas,Desconocido,No tiene galardones ni nominaciones,"Black Adam, Milla 22, Los tres chiflados, The Lone Warrior, 2010",Reparto
511,Brigette Baskerville,Desconocido,No tiene galardones ni nominaciones,Man in the Street,Reparto
512,Luke Michal,Desconocido,No tiene galardones ni nominaciones,Man in the Street,Reparto
513,Pamela Nomvete,Desconocido,No tiene galardones ni nominaciones,"Lettre d'amour zoulou, Andor, 2022 • 3 episodios, Deborah Banda, Serie de TV",Reparto
514,Adriaan Tredoux,Desconocido,No tiene galardones ni nominaciones,Man in the Street,Reparto
515,Miguel Angel Valdivia Anguiano,Desconocido,No tiene galardones ni nominaciones,"Cannabis Land, Pistolero","Reparto, Producción"
516,Irene Arcila,Desconocido,No tiene galardones ni nominaciones,"Amor en custodia, 2005–2006 • 234 episodios, Claudia, 2000, Catalina",Reparto
517,Alberto Cortez,Desconocido,No tiene galardones ni nominaciones,"Intacto, Appuntamento in Riviera, Cuéntame cómo pasó, 2007 • 1 episodio, Música","Música, Banda sonora"
518,Sharon Del Sirius,Desconocido,No tiene galardones ni nominaciones,"Cannabis Land, Reparto, 2017, Diana",Reparto
519,Antonio Menchaca,Desconocido,No tiene galardones ni nominaciones,"Autodefensas, Tigre","Reparto, Guion"
520,Juliana Monroy,Desconocido,No tiene galardones ni nominaciones,Cannabis Land,Reparto
521,Daniel Perez,Desconocido,No tiene galardones ni nominaciones,"The Land of Mad Men, Dreamchasers, Corto, Equipos adicionales","Dirección de la segunda unidad o asistencia a dirección, Cámara y electricidad, Equipos adicionales"
522,Luis Fernando Peña,Desconocido,No tiene galardones ni nominaciones,"Amar te duele, Sleep Dealer, De la calle, Sin nombre",Reparto
523,Ivan Raya,Desconocido,No tiene galardones ni nominaciones,"Bendecida Por La Muerte, Actor Invitado, 2021, 2012",Reparto
524,Ulises Rocha,Desconocido,No tiene galardones ni nominaciones,"Vertical, Reparto, 2021","Reparto, Arte, Dirección de producción"
525,Takao Osawa,1968,No tiene galardones ni nominaciones,"Wolf Children (Los niños lobo), Ichi, Metro ni notte, Chinpira","Reparto, Producción"
526,Masaya Katô,1963,No tiene galardones ni nominaciones,"Fuerza máxima, Godzilla, Makai tenshô, Rakuyô",Reparto
527,Kanae Uotani,Desconocido,No tiene galardones ni nominaciones,"Azumi, Gojira: Fainaru uôzu, Jam Films, Battlefield Baseball",Reparto
528,Tak Sakaguchi,1975,No tiene galardones ni nominaciones,"Versus, Sakigake!! Otokojuku, Gokudô heiki, Shinobi","Reparto, Equipos adicionales, Especialistas"
529,Hideo Sakaki,1970,No tiene galardones ni nominaciones,"Jûden Sentai Kyôryûjâ tai Gôbasutâzu: Kyôryû Daisakusen! Saraba Eien no Tomo yo, Hokuro no onna wa yoru nureru, 5,5, 5,5","Reparto, Dirección, Producción"
530,Arpita Baker,Desconocido,No tiene galardones ni nominaciones,"Golmaal, Takkar",Reparto
531,Prasenjit Chatterjee,1962,No tiene galardones ni nominaciones,"Mishawr Rawhoshyo, Shanghai, Baishe Srabon, Gumnaami","Producción, Reparto, Dirección"
532,Rajatabha Dutta,1967,No tiene galardones ni nominaciones,"Paromitar Ek Din, Jomer Raja Dilo Bor, Ashchorjyo Prodeep, Byomkesh Pawrbo","Reparto, Música"
533,Biswanath Ghosh,Desconocido,No tiene galardones ni nominaciones,"Golmaal, Swarn Trisha",Reparto
534,Mrinal Mukherjee,Desconocido,No tiene galardones ni nominaciones,"Byomkesh O Chiriakhana, Ram Baloram, Reparto, Reparto",Reparto
535,Barsa Priyadarshini,Desconocido,No tiene galardones ni nominaciones,"Kiese Dakuchi Kouthi Mate, Jor, Aama Bhitare Kichhi Achhi, Mental",Reparto
536,Tota Roy Chowdhury,1976,No tiene galardones ni nominaciones,"Kaththi, Chokher Bali, Villain, Feludar Goyendagiri, 2022 • 6 episodios","Reparto, Dirección, Guion"
537,Jisshu Sengupta,1977,No tiene galardones ni nominaciones,"Zulfiqar, Ek Je Chhilo Raja, Sita Ramam, Mardaani","Producción, Reparto, Música"
538,Sujeet Kumar Sharma,Desconocido,No tiene galardones ni nominaciones,"Enthiran, Ratsasan, Ra.One, 1 - Nenokkadine",Reparto
539,Manish Surera,Desconocido,No tiene galardones ni nominaciones,"Última noche en el Soho, Tumbbad, Los diarios del ron, Golmaal","Dirección de casting, Reparto, Casting"
540,Harrythehare,Desconocido,No tiene galardones ni nominaciones,"Baby Detective, 8,6, 7,1, Volleyball and Coffee shorts, 2021–2022 • 4 episodios","Reparto, Guion, Dirección"
541,Takeshi Kaneshiro,1973,No tiene galardones ni nominaciones,"La casa de las dagas voladoras, Chungking Express, Fallen Angels (Ángeles caídos), Acantilado rojo","Reparto, Música, Equipos adicionales"
542,Nicky Wu,1970,No tiene galardones ni nominaciones,"Scarlet Heart, 2011 • 39 episodios, Lu Pao, Serie de TV, 6,8","Reparto, Producción, Banda sonora"
543,Charlie Yeung,1974,No tiene galardones ni nominaciones,"Fallen Angels (Ángeles caídos), Bangkok dangerous, New Police Story, Sing dan mooi gwai","Reparto, Dirección, Guion"
544,Li-Wei Chang,1968,No tiene galardones ni nominaciones,"Zhuan jiao * yu dao ai, 2007 • 12 episodios, 2004, 2021, 2005",Reparto
545,Yi-Teng Chang,Desconocido,No tiene galardones ni nominaciones,"Yi bu yi di xue, Especialistas, Reparto, Reparto","Reparto, Especialistas, Dirección"
546,Yu-Cheng Chen,Desconocido,No tiene galardones ni nominaciones,Sin datos,"2022, TV-MA, 2h 10min"
547,Kuang Ni,Desconocido,No tiene galardones ni nominaciones,"Las 36 cámaras de Shaolin, Wai See Lee: Lam huet yan, Xiao sha xing, Wai Si Lei","Guion, Reparto, Guion y continuidad"
548,Greg Silas,Desconocido,No tiene galardones ni nominaciones,"Xin zha shi xiong zhui nu zai, Tai ping tian guo",Reparto
549,Yat-Fei Wong,1946,No tiene galardones ni nominaciones,"Shaolin Soccer, Ng yee taam jeung Lui Lok juen: Lui lo foo, Wu Di Shan Bao Mei, 2008 • 19 episodios, 2009","Reparto, Banda sonora"
550,Chuan-Chen Yeh,1969,No tiene galardones ni nominaciones,"Xin bi xue jian, Qi pi lang, Espada invencible, Dragon Kids","Reparto, Música"
551,Nickolas Baric,Desconocido,No tiene galardones ni nominaciones,"Godzilla, Elysium, El origen del planeta de los simios, Las crónicas de Riddick","Especialistas, Reparto, Equipos adicionales"
552,Raymond Chan,1888,Nominado,"Perdición, Historia de un detective, El sueño eterno, Extraños en un tren","Guion, Reparto"
553,Osric Chau,1986,No tiene galardones ni nominaciones,"2012, El hombre de los puños de hierro, Dirk Gently: Agencia de investigaciones holísticas, 2016–2017 • 15 episodios, Charles Xie","Reparto, Producción, Guion"
554,Chengman,1990,No tiene galardones ni nominaciones,Beyond Redemption,Reparto
555,Simon Chin,febrero,No tiene galardones ni nominaciones,"Snake Eyes: el origen, Snowpiercer: Rompenieves, 2020 • 2 episodios, 2019, Zhang Wu","Reparto, Especialistas, Dirección"
556,Samuel Patrick Chu,Desconocido,No tiene galardones ni nominaciones,"El diario de Greg, iZombie, 2018–2019 • 9 episodios, Andy Wang, Serie de TV",Reparto
557,Jason William Day,Desconocido,No tiene galardones ni nominaciones,"Okja, Predator, ¡Shazam!, Sonic: La película","Especialistas, Reparto"
558,Linda Dong,Desconocido,No tiene galardones ni nominaciones,"Forgetting Taylor, La ecuación del amor y la muerte, Beyond Redemption, Honeymoon Stage vs. Comfortable Stage","Reparto, Dirección, Guion"
559,Brian Ho,Desconocido,No tiene galardones ni nominaciones,"X-Men: Días del futuro pasado, Yo, robot, Push, Watchmen","Especialistas, Reparto, Dirección de la segunda unidad o asistencia a dirección"
560,Vicky Huang,Desconocido,No tiene galardones ni nominaciones,"Havana Hustle, 88 minutos, Elephant, Riesgo extremo","Reparto, Dirección, Guion"
561,Robert D'Aleo,Desconocido,No tiene galardones ni nominaciones,"Searching for Bobby D, One Deadly Road, Back in the Day, Wannabes","Reparto, Composición, Música"
562,Aesha Waks,Desconocido,No tiene galardones ni nominaciones,"Smoke Screen, Arresting Gena, Gotham, 2014 • 1 episodio, 1997","Reparto, Producción, Banda sonora"
563,Frank Adonis,1935,No tiene galardones ni nominaciones,"Uno de los nuestros, Toro salvaje, Ace Ventura: Un detective diferente, Declaradme culpable","Reparto, Dirección, Guion"
564,Victor Arcoleo,Desconocido,No tiene galardones ni nominaciones,One Deadly Road,Reparto
565,Joseph Bono,Desconocido,No tiene galardones ni nominaciones,"Uno de los nuestros, Toro salvaje, Casino, El irlandés",Reparto
566,Enzo Carlino,Desconocido,No tiene galardones ni nominaciones,"One Deadly Road, La famigila nostra, Vídeo",Reparto
567,Anthony Caso,Desconocido,No tiene galardones ni nominaciones,"Los Soprano, 1999 • 1 episodio, 2003, 1991, Priest","Reparto, Especialistas"
568,Alyssa Charles,Desconocido,No tiene galardones ni nominaciones,"One Deadly Road, Tastes Like Chicken",Reparto
569,William DeMeo,1971,No tiene galardones ni nominaciones,"Gravesend, 2020–2023 • 13 episodios, 2016, 2018, 2017","Reparto, Guion, Dirección"
570,Anthony DiPilato,Desconocido,No tiene galardones ni nominaciones,One Deadly Road,Reparto
571,Valentín Trujillo,1951,No tiene galardones ni nominaciones,"Violación, Yo el ejecutor, Cacería humana, Un hombre despiadado","Reparto, Guion, Dirección"
572,Armando Silvestre,1926,No tiene galardones ni nominaciones,"Dos mulas y una mujer, La horripilante bestia humana, La mujer murcielago, Las luchadoras contra la momia",Reparto
573,Luis Reynoso,Desconocido,No tiene galardones ni nominaciones,"Ringo, la pelea de su vida, 2019 • 61 episodios, Guion, Serie de TV, 7,2","Guion, Reparto, Dirección de la segunda unidad o asistencia a dirección"
574,Imperio Vargas,Desconocido,No tiene galardones ni nominaciones,"Abriendo fuego, Casa de citas, Reparto, 1996",Reparto
575,Gilberto de Anda,1955,No tiene galardones ni nominaciones,"Cambiando el destino, Policía judicial federal, 8,0, El secreto","Reparto, Guion, Dirección"
576,Raúl Trujillo,Desconocido,No tiene galardones ni nominaciones,"Se nos rajó el Mendoza, 5,4, 6,7, 6,8","Reparto, Producción, Dirección"
577,Teo Koolen Hellmin,Desconocido,No tiene galardones ni nominaciones,Alla Talar Svenska,Reparto
578,Amada Marcos,Desconocido,No tiene galardones ni nominaciones,"Alla Talar Svenska, Corto",Reparto
579,Oliver Miilus,Desconocido,No tiene galardones ni nominaciones,"Karawane, Jaques, Hammarbyare, Douche","Reparto, Dirección, Casting"
580,Samuel Seger,Desconocido,No tiene galardones ni nominaciones,"Karawane, Charles","Reparto, Equipos adicionales"
581,Simon Thelaus,Desconocido,No tiene galardones ni nominaciones,"Karawane, Corto, The Oracle, Equipos adicionales","Reparto, Guion, Dirección"
582,Madhan Bob,Desconocido,No tiene galardones ni nominaciones,"Mazhai, Thevar Magan, Villain, Friends",Reparto
583,Veerendra Chauhan,Desconocido,No tiene galardones ni nominaciones,"Aithe, Parugu, Ponnar Sankar, Okkadunnadu",Reparto
584,Radha Krishnan Chidambaram,Desconocido,No tiene galardones ni nominaciones,"Jilla, Paayum Puli, Vaigai Express, Puli Vesham",Reparto
585,Meenakshi Dixit,1993,No tiene galardones ni nominaciones,"P Se PM Tak, Dookudu, Billa 2, Maharshi",Reparto
586,Poonam Kaur,1986,No tiene galardones ni nominaciones,"Gaganam, Souryam, Nagavalli, Vettai Mannan",Reparto
587,Thambi Ramaiah,1956,No tiene galardones ni nominaciones,"Mynaa, Thani Oruvan, Kumki, Thalaivi","Reparto, Dirección, Guion"
588,Radha Ravi,Desconocido,No tiene galardones ni nominaciones,"Ratsasan, Thalaivi, Vada Chennai, Jil Jung Juk","Reparto, Música, Producción"
589,Roja,Desconocido,No tiene galardones ni nominaciones,Sin datos,"2023, PG-13, 1h 47min"
590,Seetha,1964,No tiene galardones ni nominaciones,"Vinodayathra, Charlie, Ala Ila Ela, Varnapakittu","Reparto, Producción"
591,Singamuthu,Desconocido,No tiene galardones ni nominaciones,"Mazhai, Vanthaan Vendraan, Velayudham, Adhibar",Reparto
592,Nakhul,Desconocido,No tiene galardones ni nominaciones,"Ghajini, Vettaiyaadu Vilaiyaadu, Anniyan, Naan Rajavaga Pogiren","Reparto, Música, Edición"
593,Aanchal Munjal,Desconocido,No tiene galardones ni nominaciones,"Parvarrish: Kuchh Khattee Kuchh Meethi, 2011 • 10 episodios, 2018, 2011, 2023",Reparto
594,Chandrika Ravi,Desconocido,No tiene galardones ni nominaciones,"Veera Simha Reddy, The Other Side of the Nebula",Reparto
595,Prakash Raj,1965,No tiene galardones ni nominaciones,"Anniyan, Singham, Abhiyum Naanum, Kalki","Reparto, Producción, Dirección"
596,Nithin Prasanna,Desconocido,No tiene galardones ni nominaciones,"Irumbu Thirai, Sei, Ahimsa, Amigos",Reparto
