Unnamed: 0,0,1,2,3,4
0,Emily Watson,1967,Nominado,"Gosford Park, Rompiendo las olas, Embriagado de amor, El dragón rojo","Reparto, Producción, Banda sonora"
1,David Morrissey,1964,Nominado,"The Walking Dead, 2012–2015 • 20 episodios, 2008, 2011, 2013","Reparto, Dirección, Producción"
2,Alex Etel,1994,No tiene galardones ni nominaciones,"Millones, Mi monstruo y yo, De una época a otra, Cranford, 2007–2009 • 7 episodios","Reparto, Equipos adicionales"
3,Bruce Allpress,1930,No tiene galardones ni nominaciones,"El señor de los anillos: Las dos torres, Mi monstruo y yo, El espantapájaros, El piano",Reparto
4,Geraldine Brophy,Desconocido,No tiene galardones ni nominaciones,"King Kong, Underworld: La rebelión de los licántropos, Second Hand Wedding, Mi monstruo y yo",Reparto
5,Eddie Campbell,Desconocido,No tiene galardones ni nominaciones,"Slow West, King Kong, El poder del perro, Mi monstruo y yo","Reparto, Equipos adicionales"
6,Ben Chaplin,1970,No tiene galardones ni nominaciones,"La delgada línea roja, Asesinato... 1-2-3, La verdad sobre perros y gatos, Oscura seducción","Reparto, Banda sonora"
7,Peter Corrigan,Desconocido,No tiene galardones ni nominaciones,"El señor de los anillos: La comunidad del anillo, King Kong, Mi monstruo y yo, The Lord of the Rings: The Fellowship of the Ring - Special Extended Edition Scenes, 2002","Reparto, Equipos adicionales"
8,Brian Cox,1946,Ganó 1 premio Primetime Emmy,"Succession, 2018–2023 • 39 episodios, 2003, 2004, 2002","Reparto, Producción, Dirección"
9,Carl Dixon,Desconocido,No tiene galardones ni nominaciones,"Mi monstruo y yo, The Amazing Extraordinary Friends, 2007–2010 • 39 episodios, 2014, 2006",Reparto
10,Jim Sturgess,1978,No tiene galardones ni nominaciones,"21: Black Jack, Across the Universe, El atlas de las nubes, Geostorm","Reparto, Música, Banda sonora"
11,Luke Treadaway,1984,No tiene galardones ni nominaciones,"Attack the Block, Un gato callejero llamado Bob, Furia de titanes, Brothers of the Head","Reparto, Producción, Banda sonora"
12,Clémence Poésy,1982,No tiene galardones ni nominaciones,"Escondidos en Brujas, Tenet, Harry Potter y las Reliquias de la Muerte: Parte 1, Mi amigo Mr. Morgan","Reparto, Dirección, Guion"
13,Justin Salinger,Desconocido,No tiene galardones ni nominaciones,"El intruso (Enduring Love), Everest, Brimstone. La hija del predicador, Hitler: El reinado del mal, 2003 • 2 episodios",Reparto
14,Fraser Ayres,1980,No tiene galardones ni nominaciones,"Sorry, I Didn't Know, 2016–2022 • 15 episodios, Clint, Producción, Guion","Reparto, Guion, Producción"
15,Noel Clarke,1975,Ganó 1 premio BAFTA,"Brotherhood, Star Trek: En la oscuridad, Mute, Doctor Who, 2005–2010 • 15 episodios","Reparto, Producción, Guion"
16,Ruth Sheen,1950,No tiene galardones ni nominaciones,"Another year, El secreto de Vera Drake, Corredor de fondo, Grandes ambiciones","Reparto, Banda sonora"
17,Dave Florez,Desconocido,No tiene galardones ni nominaciones,"Embers, Serie de TV, 5,9, 8,7","Guion, Producción, Reparto"
18,Nikita Mistry,Desconocido,No tiene galardones ni nominaciones,"Pablo Diablo: La película, Heartless, Wolfblood, 2016 • 1 episodio",Reparto
19,Timothy Spall,1957,Nominado,"Mr. Turner, Sweeney Todd: El barbero diabólico de la calle Fleet, Secretos y mentiras, Vanilla Sky","Reparto, Producción, Guion"
20,Kaori Ishihara,Desconocido,No tiene galardones ni nominaciones,"Rinne no Lagrange, 2012 • 16 episodios, 2017, Aladdin(voz), Videojuego","Reparto, Música, Banda sonora"
21,Hiyori Nitta,Desconocido,No tiene galardones ni nominaciones,"Hai-Furi, 2016 • 12 episodios, Sara, Commander Black, Serie de TV",Reparto
22,Minami Takahashi,1990,No tiene galardones ni nominaciones,"Kobayashi-san Chi No Maid Dragon, 2017–2021 • 20 episodios, 2018, Haulia Shea, Serie de TV","Reparto, Música, Banda sonora"
23,Yuki Yagi,Desconocido,No tiene galardones ni nominaciones,"Sadako DX, Kaijuu Girls Kuro: Ultra Kaijuu Gijinka Keikaku, Kemono Michi, 2019 • 4 episodios, 2017",Reparto
24,Neil Atkinson,Desconocido,No tiene galardones ni nominaciones,"Native, Pro, Schrödinger's Waltz, Jürgen, 2022–2023 • 5 episodios","Producción, Guion, Equipo ejecutivo"
25,Russ Bachelor,Desconocido,No tiene galardones ni nominaciones,Mistress Superior,Reparto
26,Daina Balodis,Desconocido,No tiene galardones ni nominaciones,Mistress Superior,Reparto
27,Bronwen Bente,Desconocido,No tiene galardones ni nominaciones,Mistress Goes to Kiel,Sin datos
28,Ricky Blair,Desconocido,No tiene galardones ni nominaciones,"Evolution Corvus, When the Wheels Fall Off, Mistress Superior, Star","Reparto, Guion"
29,Annette Boulanger,Desconocido,No tiene galardones ni nominaciones,"Mistress Superior, 6,2, Vídeo",Reparto
30,Jacob Breen,Desconocido,No tiene galardones ni nominaciones,"Mistress Superior, Vídeo",Reparto
31,Doug Brigham,Desconocido,No tiene galardones ni nominaciones,"Mistress Superior, Vídeo","Reparto, Dirección de fotografía y cámara, Producción"
32,Anita Chan,1977,No tiene galardones ni nominaciones,"Foh bau ying ging, 4,2, 6,8, 7,5",Reparto
33,Jocelyn Chartrand,Desconocido,No tiene galardones ni nominaciones,Mistress Superior,Reparto
34,Farron Barrier,Desconocido,No tiene galardones ni nominaciones,"Trooper, Staci, Corto, Corto",Reparto
35,Christian Day,Desconocido,No tiene galardones ni nominaciones,"Ghost Adventures: Aftershocks, 2014 • 1 episodio, Self - Warlock, Serie de TV, 4,9",Sin datos
36,Cassandra Henry,Desconocido,No tiene galardones ni nominaciones,The Wish,Reparto
37,Olivia Kovach,Desconocido,No tiene galardones ni nominaciones,"Winters Edge, Ah Lam, Trooper",Reparto
38,Shakim Leckie,Desconocido,No tiene galardones ni nominaciones,"Trooper, Jason",Reparto
39,Bill Read Jr.,Desconocido,No tiene galardones ni nominaciones,"Winters Edge, Dirección, Dirección","Reparto, Dirección, Guion"
40,Stephanie Van Davis,Desconocido,No tiene galardones ni nominaciones,The Wish,Reparto
41,Bárbara Mori,1978,No tiene galardones ni nominaciones,"Viento en contra, Kites, La mujer de mi hermano, Inspiración","Reparto, Producción, Guion"
42,Claudio Lafarga,1979,No tiene galardones ni nominaciones,"XY. La revista, 2009–2012 • 31 episodios, Dr. Gonzalo Mallorca, Serie de TV, 6,0","Reparto, Equipos adicionales, Localización"
43,Stephanie Sigman,febrero,No tiene galardones ni nominaciones,"Miss Bala, SWAT on Set, 2018 • 1 episodio, Valeria Velez, Estrella","Reparto, Banda sonora"
44,Angélica Aragón,1953,No tiene galardones ni nominaciones,"El crimen del padre Amaro, Un paseo por las nubes, Novia que te vea, Cilantro y perejil","Reparto, Banda sonora"
45,Marina Avila Victoria,Desconocido,No tiene galardones ni nominaciones,"Rosario Tijeras, 2018–2019 • 51 episodios, 2014, 2014, 2019",Reparto
46,Osvaldo de León,1984,No tiene galardones ni nominaciones,"Juro que te amo, 2008–2009 • 95 episodios, 2012, 2018","Reparto, Producción, Guion"
47,Lila Avilés,1982,No tiene galardones ni nominaciones,La camarista,"Reparto, Dirección, Guion"
48,Mario Zaragoza,Desconocido,No tiene galardones ni nominaciones,"El fuego de la venganza, Vacaciones en el infierno, Desierto adentro, La zona","Reparto, Dirección de la segunda unidad o asistencia a dirección"
49,Uriel Santana,Desconocido,No tiene galardones ni nominaciones,"Alicia en el país de María, Daniela Romo: Algo del Alma","Reparto, Dirección de fotografía y cámara"
50,Clarisa Rendón,Desconocido,No tiene galardones ni nominaciones,"Mil nubes de paz cercan el cielo, amor, jamás acabarás de ser amor, El cielo dividido, La culpa, Amor gitano, 1999 • 53 episodios","Reparto, Dirección de casting, Guion"
51,J.R. Answorth,Desconocido,No tiene galardones ni nominaciones,Firstborn,Reparto
52,Alan Bottoms,Desconocido,No tiene galardones ni nominaciones,Firstborn,Reparto
53,Charles Diggs,Desconocido,No tiene galardones ni nominaciones,"Firstborn, Crímenes imperfectos, 1997 • 1 episodio",Reparto
54,Joseph Dindinger,Desconocido,No tiene galardones ni nominaciones,Sin datos,Sin datos
55,Nadine Flowers,Desconocido,No tiene galardones ni nominaciones,"Adult Entertainment: Disrobing an American Idol, 2007",Equipos adicionales
56,Paul Hagerty,Desconocido,No tiene galardones ni nominaciones,"Firstborn, Diablo II: Resurrected, 2021, 2001, Qual-Kehk's Men(voz)",Reparto
57,Jake Gyllenhaal,1980,Nominado,"Nightcrawler, Brokeback Mountain. En terreno vedado, Donnie Darko, Prisioneros","Reparto, Producción, Cámara y electricidad"
58,Jaboukie Young-White,1994,No tiene galardones ni nominaciones,"Mundo extraño, Una noche fuera de control, Cómo deshacerte de tu jefe, C'mon C'mon. Siempre adelante","Reparto, Guion, Cámara y electricidad"
59,Gabrielle Union,1972,No tiene galardones ni nominaciones,"A por todas, Dos policías rebeldes II, 10 razones para odiarte, Deliver Us from Eva","Reparto, Producción, Banda sonora"
60,Dennis Quaid,1954,Nominado,"Lejos del cielo, El día de mañana, Frequency, El chip prodigioso","Reparto, Producción, Música"
61,Lucy Liu,1968,Nominado,"Kill Bill: Volumen 1, Los ángeles de Charlie, Chicago, Los ángeles de Charlie: Al límite","Reparto, Dirección, Producción"
62,Karan Soni,1989,No tiene galardones ni nominaciones,"Deadpool 2, Seguridad no garantizada, Deadpool, Fiesta de empresa","Reparto, Dirección, Guion"
63,Alan Tudyk,1971,Nominado,"Rogue One: Una historia de Star Wars, Firefly, 2002–2003 • 14 episodios, 2004, 2001","Reparto, Guion, Producción"
64,Adelina Anthony,Desconocido,No tiene galardones ni nominaciones,"The Serenade, 2019, 2016, 2022, 2019","Reparto, Producción, Dirección"
65,Abraham Benrubi,1969,No tiene galardones ni nominaciones,"Christmas Bloody Christmas, Parker Lewis nunca pierde, 1990–1993 • 66 episodios, Jerry Markovic, Mose","Reparto, Banda sonora"
66,Jonathan Melo,Desconocido,No tiene galardones ni nominaciones,"Mundo extraño, American Horror Story, 2022 • 1 episodio, Voice Over(voz), Serie de TV",Reparto
67,Kôki Uchiyama,1990,No tiene galardones ni nominaciones,"Infinite Stratos, 2011–2014 • 25 episodios, Daryl Yan(voz, as Koki Uchiyama), Serie de TV, 9,5","Reparto, Equipos adicionales, Banda sonora"
68,Ayane Sakura,1994,No tiene galardones ni nominaciones,"Ataque a los titanes, 2020–2023 • 24 episodios, Iroha Isshiki(voz), Hotaru Takegawa(voz), Ayane(voz)","Reparto, Música, Banda sonora"
69,Shinpachi Tsuji,1956,No tiene galardones ni nominaciones,"Perfect Blue, Cowboy Bebop, 1998–1999 • 6 episodios, Antares(voz), Serie de TV",Reparto
70,Izumi Sawada,Desconocido,No tiene galardones ni nominaciones,"Steins;Gate, 2011 • 1 episodio, Additional Voices(voz), Serie de TV, 7,8",Reparto
71,Hayato Taya,Desconocido,No tiene galardones ni nominaciones,"Kingdom Hearts II: Final Mix+, 2007, Haruo Kasuga(voz), Videojuego, 6,8",Reparto
72,Kanehira Yamamoto,Desconocido,No tiene galardones ni nominaciones,"El niño y la bestia, Godzilla: El planeta de los monstruos, Street Fighter X Tekken, 2012, UndertakerAkiyamaCommentary",Reparto
73,Masanori Machida,Desconocido,No tiene galardones ni nominaciones,"El monstruo que amenaza al mundo, Sol Cresta, Detective Conan, 2022 • 1 episodio, Reparto",Reparto
74,Hiroki Gotô,Desconocido,No tiene galardones ni nominaciones,"DARLING in the FRANXX, 2018 • 23 episodios, Operator7th Fleet CommanderAlien, Driver(voz), Videojuego",Reparto
75,Asami Imai,1977,No tiene galardones ni nominaciones,"Steins;Gate, 2011–2015 • 26 episodios, 2013, 2012, Soul of Light(voz)","Reparto, Música, Banda sonora"
76,Mami Uchida,Desconocido,No tiene galardones ni nominaciones,"Riddle Story of Devil, 2014 • 9 episodios, En el bosque de la luz de las luciérnagas, Disgaea D2: A Brighter Darkness, 2013",Reparto
77,Nicolas Cage,1964,Ganó 1 premio Óscar,"Cara a cara, Leaving Las Vegas, La Roca, Next","Reparto, Producción, Dirección"
78,Lea Thompson,1961,No tiene galardones ni nominaciones,"Regreso al futuro, The Year of Spectacular Men, The Trouble with the Truth, Cambiadas al nacer, 2011–2017 • 104 episodios","Reparto, Dirección, Producción"
79,Cassi Thomson,1993,No tiene galardones ni nominaciones,"Desaparecidos sin rastro, Halloween mortal, 2013, 2016, Cara Lynn","Reparto, Banda sonora"
80,Chad Michael Murray,1981,No tiene galardones ni nominaciones,"One Tree Hill, 2003–2012 • 131 episodios, 2005, 2004, 2003","Reparto, Producción, Dirección"
81,Nicky Whelan,1981,No tiene galardones ni nominaciones,"Carta blanca, Knight of Cups, El gurú de las bodas, Halloween 2","Reparto, Producción"
82,Jordin Sparks,1989,No tiene galardones ni nominaciones,"Sparkle, Desaparecidos sin rastro, Infiltrados en Miami, Jordin Sparks Feat. Chris Brown: No Air, 2008","Reparto, Producción, Composición"
83,Gary Grubbs,1949,No tiene galardones ni nominaciones,"Expediente X: Enfréntate al futuro, Battleship, La cara del terror, JFK: Caso abierto","Reparto, Guion, Banda sonora"
84,Quinton Aaron,1984,No tiene galardones ni nominaciones,"The Blind Side: Un sueño posible, Halfway, De madres a hijas","Reparto, Producción, Guion"
85,Martin Klebba,1969,No tiene galardones ni nominaciones,"Snow White, Herman, The Ledge, Curse of the Pukwudgie","Reparto, Especialistas, Producción"
86,Georgina Armstrong,Desconocido,No tiene galardones ni nominaciones,"Wonder Woman, The Amazing Spider-Man, El caballero oscuro: La leyenda renace, Desaparecidos sin rastro","Especialistas, Reparto, Equipos adicionales"
87,John Cusack,1966,Nominado,"Un asesino algo especial, Alta fidelidad, Un gran amor, 1408","Reparto, Producción, Guion"
88,Cameron Diaz,1972,Nominado,"Vanilla Sky, Algo pasa con Mary, Los ángeles de Charlie, La boda de mi mejor amigo","Reparto, Producción, Banda sonora"
89,Catherine Keener,1959,Nominado,"Cómo ser John Malkovich, Truman Capote, Virgen a los 40, Déjame salir","Reparto, Producción, Casting"
90,John Malkovich,1953,Nominado,"En la línea de fuego, Cómo ser John Malkovich, Las amistades peligrosas, Quemar después de leer","Reparto, Producción, Guion"
91,Ned Bellamy,1957,No tiene galardones ni nominaciones,"Blonde, Crepúsculo, Seinfeld, 1996 • 1 episodio, 1999","Reparto, Equipos adicionales, Banda sonora"
92,Eric Weinstein,Desconocido,No tiene galardones ni nominaciones,"El planeta de los simios, Ted, Shooter: El tirador, El incidente","Producción, Equipos adicionales, Edición"
93,Madison Lanc,Desconocido,No tiene galardones ni nominaciones,"X-Men, Cómo ser John Malkovich, El rey de Queens, 2000–2002 • 3 episodios, Emma Thompkins",Reparto
94,Octavia Spencer,1970,Ganó 1 premio Óscar,"Figuras ocultas, Criadas y señoras, Fruitvale Station, La cabaña","Reparto, Producción, Dirección"
95,Mary Kay Place,1947,Ganó 1 premio Primetime Emmy,"Cómo ser John Malkovich, Mary Hartman, Mary Hartman, 1976–1977 • 325 episodios, 1999, 1983","Reparto, Dirección, Guion"
96,Orson Bean,1928,No tiene galardones ni nominaciones,"Cómo ser John Malkovich, El chip prodigioso, El hobbit, 1977, 2018","Reparto, Guion, Banda sonora"
97,Cesar Montano,1962,No tiene galardones ni nominaciones,"Ligalig, José Rizal, Panaghóy sa subâ: The Call of the River, El Presidente","Reparto, Producción, Guion"
98,Rita Avila,Desconocido,No tiene galardones ni nominaciones,"Walang hanggan, 2012 • 122 episodios, 1995, AliAlicia, Mariana Fulgencio","Reparto, Banda sonora"
99,Joel Torre,1961,No tiene galardones ni nominaciones,"Bayaning 3rd World, On the Job, Lipa 'Arandia' Massacre: Lord, Deliver Us from Evil, El legado de Bourne","Reparto, Dirección, Producción"
100,Vivian Foz,Desconocido,No tiene galardones ni nominaciones,"Anak ng cabron, Kasalanan ang buhayin ka, Hong tian mi ling, Karinyosa",Reparto
101,Rina Reyes,Desconocido,No tiene galardones ni nominaciones,"Class of '91, Reparto, 1998, 1990","Reparto, Producción"
102,Toby Alejar,Desconocido,No tiene galardones ni nominaciones,"Ang TV Movie: The Adarna Adventure, Ang probinsyano, 2016 • 9 episodios, 1998","Reparto, Banda sonora"
103,Rusty Santos,Desconocido,No tiene galardones ni nominaciones,"Kapag nag-abot ang langit at lupa, Club Owner, Reparto, 1979",Reparto
104,Rocky Ramos,Desconocido,No tiene galardones ni nominaciones,Machete: Istatwang buhay,Reparto
105,Dan Fernandez,Desconocido,No tiene galardones ni nominaciones,"Honor Thy Father, Mara Clara: The Movie, Balawis, Tondo: Libingan ng mga siga",Reparto
106,Ronaldo Fernando,Desconocido,No tiene galardones ni nominaciones,"Kristobal: Tinik sa korona, Igorot, 1992",Reparto
107,Jay Johnson,1949,No tiene galardones ni nominaciones,"Enredo, 1977–1981 • 59 episodios, Ears(voz), Serie de TV, 7,2","Reparto, Guion, Producción"
108,Rachel Closs,Desconocido,No tiene galardones ni nominaciones,"Kujua, Selah","Reparto, Producción"
109,Ben Akina,Desconocido,No tiene galardones ni nominaciones,"Let's Rock, Guion, Guion, Guion","Guion, Reparto"
110,Matthew Berg,Desconocido,No tiene galardones ni nominaciones,"Avatar: El sentido del agua, Avatar 3, Corto, 9,1","Edición, Equipos adicionales, Reparto"
111,Mike Blesse,Desconocido,No tiene galardones ni nominaciones,"Forsaken, Corto, Corto",Reparto
112,Jeff Brannan,Desconocido,No tiene galardones ni nominaciones,"Camp Kajabe, Let's Rock, Chieftain, 2017","Reparto, Dirección de la segunda unidad o asistencia a dirección, Producción"
113,Alonzo Charles,Desconocido,No tiene galardones ni nominaciones,"Through Eyes of Men, Guion, 1916, 1917","Guion, Dirección, Edición"
114,Dallas Dewitt,Desconocido,No tiene galardones ni nominaciones,"Let's Rock, Golem, New Chef, Tack Scullector",Reparto
115,Fred Fate,Desconocido,No tiene galardones ni nominaciones,Death of a Gangster,Reparto
116,Paige Finkemeier,Desconocido,No tiene galardones ni nominaciones,Forsaken,Reparto
117,Mohanlal,1960,No tiene galardones ni nominaciones,"Dasharatham, Aaram Thamburan, Spadikam, Grandmaster","Reparto, Música, Producción"
118,Bharath Srinivasan,1984,No tiene galardones ni nominaciones,"Radhe, Azhagai Irukirai... Bayamai Irukiradhu, Spyder, Chennai Kadhal",Reparto
119,Sunny Wayne,1983,No tiene galardones ni nominaciones,"Kayamkulam Kochunni, Second Show, Padavettu, 9MM","Reparto, Producción, Música"
120,Tovino Thomas,1989,No tiene galardones ni nominaciones,"Rayo Murali, Kala, Oru Kuprasidha Payyan, Thallumaala","Reparto, Producción, Dirección de la segunda unidad o asistencia a dirección"
121,Nyra Banerjee,1987,No tiene galardones ni nominaciones,"Tiger, Operation Cobra, 2019 • 6 episodios, Mithu (2020-)Mithu, Bindu(as Madhurima)","Reparto, Dirección de la segunda unidad o asistencia a dirección"
122,Arun Benny,Desconocido,No tiene galardones ni nominaciones,"Medulla Oblongata, Koothara, Nigadam",Reparto
123,Bhavana,1986,No tiene galardones ni nominaciones,"Chithiram Pesuthadi, Nammal, Vishnuvardhana, Deepavali",Reparto
124,Aneesh Gopal,Desconocido,No tiene galardones ni nominaciones,"Kalki, Ladoo, Karnan Napoleon Bhagat Singh, Ottu",Reparto
125,Janani Iyer,1987,No tiene galardones ni nominaciones,"Adhe Kangal, Koorman, 7th Day, Thegidi",Reparto
126,Anjali Nair,1988,No tiene galardones ni nominaciones,"Drishyam 2, Hridayam, Kalki, Kaaval",Reparto
127,Aleksandr Shcherbakov,Desconocido,No tiene galardones ni nominaciones,Veronica 84,Reparto
128,Oleg Rudyuk,Desconocido,No tiene galardones ni nominaciones,"Malenkiy prints, 6,4, 3,8","Reparto, Producción"
129,Andrey Ross,Desconocido,No tiene galardones ni nominaciones,Malenkiy prints,"Dirección, Reparto, Guion"
130,Terence McKenna,1946,No tiene galardones ni nominaciones,"Manual de Evasão, Time is Speeding Up, Strange Attractor, The Alchemical Dream: Rebirth of the Great Work, 2008","Guion, Reparto, Dirección"
131,Emiri Kosaki,Desconocido,No tiene galardones ni nominaciones,"Uruudoshi no shoujo, Special Investigation Nine, 2023 • 1 episodio, Reparto, Vídeo",Reparto
132,Kiyohiko Shibukawa,1974,No tiene galardones ni nominaciones,"Wasabi: El trato sucio de la mafia, Ichi the Killer, La ruleta de la fortuna y la fantasía, Tokyo 10+01",Reparto
133,Masaki Okada,1989,No tiene galardones ni nominaciones,"Drive My Car, Boku no hatsukoi wo kimi ni sasagu, Confessions, Honokaa bôi",Reparto
134,Ryôko Hirosue,1980,No tiene galardones ni nominaciones,"Despedidas, Wasabi: El trato sucio de la mafia, 20-seiki nosutarujia, Himitsu",Reparto
135,Kokoro Asami,Desconocido,No tiene galardones ni nominaciones,"Gêmusentâ CX the Movie: 1986 Maitî bon jakku, Omote to ura 2, 6,1, 40-manbun no 1",Reparto
136,Ep Cho,Desconocido,No tiene galardones ni nominaciones,"Our Late Father, 6,7, Corto, 6,0","Reparto, Producción, Guion"
137,Takeshi Kaga,1950,No tiene galardones ni nominaciones,"Death note - La película, Mâjan hourouki, Death Note: El último nombre, Sengoku jieitai 1549",Reparto
138,Shunpei Kawagoishi,Desconocido,No tiene galardones ni nominaciones,"Shindo: The Beat Knocks Her World, 6,8, 7,7, Kiyoku yawaku",Reparto
139,Haruka Kinami,1985,No tiene galardones ni nominaciones,"Hirugao: Heijitsu gogo 3 ji no koibitotachi, 2014 • 11 episodios, 2016, Seisei suru hodo, Ai shiteru, 2016 • 8 episodios",Reparto
140,Tatsuya Kose,Desconocido,No tiene galardones ni nominaciones,"Omoi nokoshi, Mama wa nyûhâfu, Otome san, 2013 • 9 episodios, Reparto",Reparto
141,Airi Matsui,Desconocido,No tiene galardones ni nominaciones,"Amor en aguas turbulentas, Secret Unrequited Love, 2019 • 7 episodios, Shiori Morishita, Yuna",Reparto
142,Seminosuke Murasugi,Desconocido,No tiene galardones ni nominaciones,"El hundimiento de Japón, Kodoku: Mîtobôru mashin, Kamen raidâ Ôzu, 2011 • 2 episodios, 2012",Reparto
143,Eric Fournier,1967,No tiene galardones ni nominaciones,"Shaye & Kiki, Fantastica, Les enfants de la rue: Fernand, Serie de TV","Reparto, Producción, Dirección"
144,Eloid Ruiz,Desconocido,No tiene galardones ni nominaciones,Shaye & Kiki,Reparto
145,Bo Chen,1996,No tiene galardones ni nominaciones,"High 5 Basketball, Kiseki: Dear to Me, 2023 • 13 episodios, 2019, Squad leader(as Bo-Wen Chen)",Reparto
146,Arongbu Dai,Desconocido,No tiene galardones ni nominaciones,Senluo,Reparto
147,Ming Du,Desconocido,No tiene galardones ni nominaciones,Sin datos,"2011, Not Rated, 1h 47min"
148,Xingyan Gou,Desconocido,No tiene galardones ni nominaciones,Du Lala zhui hun ji,Guion
149,Zheng Shi,Desconocido,No tiene galardones ni nominaciones,Sin datos,"2015, PG-13, 1h 52min"
150,Wenmiao Wang,Desconocido,No tiene galardones ni nominaciones,Senluo,Reparto
151,Núria Casals Camps,Desconocido,No tiene galardones ni nominaciones,"Na Ribas, Corto",Reparto
152,Pep Paré Jiménez,Desconocido,No tiene galardones ni nominaciones,Na Ribas,Reparto
153,Joana Rodríguez Miró,Desconocido,No tiene galardones ni nominaciones,Na Ribas,Reparto
154,Anand Balraj,Desconocido,No tiene galardones ni nominaciones,"Khal Nayak, Bhabhi, Pardes, Daal Mein Kuch Kaala Hai","Reparto, Dirección, Dirección de la segunda unidad o asistencia a dirección"
155,Aishwarya Rai Bachchan,1973,No tiene galardones ni nominaciones,"Jodhaa Akbar, Hum Dil De Chuke Sanam, Devdas, Dhoom:2","Reparto, Producción, Banda sonora"
156,Ashutosh Rana,1967,No tiene galardones ni nominaciones,"Pathaan, War, Dushman, Sangharsh","Reparto, Música"
157,Suniel Shetty,1961,No tiene galardones ni nominaciones,"Main Hoon Na, Phir Hera Pheri, Hera Pheri, Border","Reparto, Producción"
158,Mukesh Tiwari,1969,No tiene galardones ni nominaciones,"Gangaajal, China Gate, Chennai Express, Dilwale",Reparto
159,Adrien Stoclet,Desconocido,No tiene galardones ni nominaciones,"What's on Robinson's Mind, Kostia Kschessinskovic, Elon, Reparto","Reparto, Guion, Dirección"
160,Aude Gignac,Desconocido,No tiene galardones ni nominaciones,"Je suis hit 2000, Je suis une actrice, What's on Robinson's Mind, Miniserie de TV","Reparto, Dirección, Guion"
161,Christine Brunet,Desconocido,No tiene galardones ni nominaciones,"What's on Robinson's Mind, Corto",Reparto
162,Laura Marion,Desconocido,No tiene galardones ni nominaciones,"The Collection, What's on Robinson's Mind, Corto, 7,2",Reparto
163,Katerina Andronicou,Desconocido,No tiene galardones ni nominaciones,What's on Robinson's Mind,Reparto
164,Nicholas Andronicou,Desconocido,No tiene galardones ni nominaciones,"Sunburn, 1999 • 2 episodios",Reparto
165,Clémence Decarnelle,Desconocido,No tiene galardones ni nominaciones,"Le sacre de l'été, Céline, 2015, 2016","Reparto, Cámara y electricidad, Dirección de fotografía y cámara"
166,Martin Vesselinov,Desconocido,No tiene galardones ni nominaciones,"Autómata, What's on Robinson's Mind","Reparto, Transporte"
167,Shin Aomori,Desconocido,No tiene galardones ni nominaciones,"Dragon Ball Super: Broly, Fullmetal Alchemist: Brotherhood, 2009 • 2 episodios, KibitoMighty Mask(voz), Serie de TV",Reparto
168,Katsunosuke Hori,Desconocido,No tiene galardones ni nominaciones,"Paprika. Detective de los sueños, Ghost in the Shell 2: Innocence, Blue Gender: The Warrior, Appleseed Alpha",Reparto
169,Kikuko Inoue,1964,No tiene galardones ni nominaciones,"Code Geass: Lelouch of the Rebellion, 2006–2012 • 37 episodios, AlexLuna(voz), Videojuego, 8,6","Reparto, Música, Banda sonora"
170,Miki Itô,1962,No tiene galardones ni nominaciones,"Dragon Ball Z: La batalla de los dioses, Proyecto A-Ko, Tokyo Babylon, 1992–1994 • 2 episodios, No.18(voz)","Reparto, Sonido, Equipos adicionales"
171,Toshihiko Kojima,Desconocido,No tiene galardones ni nominaciones,"Makai senki Deisugaia 2, 2006",Efectos visuales
172,Takehito Koyasu,1965,No tiene galardones ni nominaciones,"Neon Genesis Evangelion: The End of Evangelion, Evangelion 1.01 You are (not) Alone, JoJo's Bizarre Adventure, 2012–2022 • 27 episodios, Ryosuke Takahashi","Reparto, Guion, Música"
173,Satomi Kôrogi,1966,No tiene galardones ni nominaciones,"Paprika. Detective de los sueños, Pokémon: La película - Mewtwo vs. Mew, Utena - la chica revolucionaria, 1997 • 27 episodios, 1999","Reparto, Música, Especialistas"
174,Nachi Nozawa,Desconocido,No tiene galardones ni nominaciones,"Space Cobra, 1982–1983 • 31 episodios, Hojo(voz), Rushiferu(voz), Serie de TV",Reparto
175,Atsuko Tanaka,1962,No tiene galardones ni nominaciones,"Ghost in the Shell, Ghost in the Shell 2: Innocence, Ghost in the Shell 2.0, Ghost in the Shell: Stand Alone Complex, 2002–2005 • 52 episodios","Reparto, Música"
176,Kenji Utsumi,1937,No tiene galardones ni nominaciones,"Dragon Ball Z: La batalla de los dioses, Hokuto no Ken, 1985–1988 • 63 episodios, 1986, Volgin(voz)","Reparto, Banda sonora"
177,Nicolas Cage,1964,Ganó 1 premio Óscar,"Cara a cara, Leaving Las Vegas, La Roca, Next","Reparto, Producción, Dirección"
178,Eva Mendes,1974,No tiene galardones ni nominaciones,"Los otros dos, Hitch: Especialista en ligues, Cruce de caminos (The Place Beyond the Pines), El mexicano","Reparto, Dirección, Guion"
179,Sam Elliott,1944,Nominado,"Ha nacido una estrella, Hulk, De profesión: duro, The Hero","Reparto, Producción, Guion"
180,Matt Long,1980,No tiene galardones ni nominaciones,"Mad Men, 2010 • 7 episodios, Jack McCallister, Serie de TV, 7,1","Reparto, Producción, Banda sonora"
181,Raquel Alessi,1983,No tiene galardones ni nominaciones,"Ghost Rider: El motorista fantasma, Miss Marzo, Entourage (El séquito), Cómo conocí a vuestra madre, 2009 • 1 episodio","Reparto, Equipos adicionales"
182,Brett Cullen,1956,No tiene galardones ni nominaciones,"El caballero oscuro: La leyenda renace, Ghost Rider: El motorista fantasma, Equipo a la fuerza, Person of Interest, 2011–2016 • 11 episodios","Reparto, Cámara y electricidad, Producción"
183,Peter Fonda,1940,Nominado,"Easy Rider (Buscando mi destino), El tren de las 3:10, El oro de Ulises, Cerdos salvajes: Con un par... de ruedas","Reparto, Dirección, Guion"
184,Donal Logue,1966,No tiene galardones ni nominaciones,"Blade, Zodiac, El patriota, The Tao of Steve","Reparto, Producción, Dirección"
185,Tony Ghosthawk,Desconocido,No tiene galardones ni nominaciones,"Ghost Rider: El motorista fantasma, Scooter: Secret Agent, 2005 • 1 episodio, 2023, Gent 4",Reparto
186,Hugh Sexton,Desconocido,No tiene galardones ni nominaciones,"Ghost Rider: El motorista fantasma, Vecinos, 1998–2002 • 17 episodios, Robert, Serie de TV",Reparto
187,Xun Zhou,1974,No tiene galardones ni nominaciones,"La ecuación del amor y la muerte, The Banquet, El atlas de las nubes, Ru guo · Ai","Reparto, Producción, Música"
188,Kun Chen,1976,No tiene galardones ni nominaciones,"Mulan, Qian Xuesen, Yun shui yao, Xun long jue","Reparto, Música"
189,He Du,Desconocido,No tiene galardones ni nominaciones,Sin datos,"2000, 13, 1h 52min"
190,Jue Huang,1975,No tiene galardones ni nominaciones,"Largo viaje hacia la noche, Better Days, Kai duan, 2022 • 15 episodios, 2011",Reparto
191,Fan Liao,1974,No tiene galardones ni nominaciones,"La ceniza es el blanco más puro, Shi fu, Black Coal, Xie bu ya zheng",Reparto
192,Robert Lin,Desconocido,No tiene galardones ni nominaciones,Sin datos,Sin datos
193,Qiu Qiu,Desconocido,No tiene galardones ni nominaciones,Sin datos,"2019, 13, 2h 5min"
0,Nicolas Cage,1964,Ganó 1 premio Óscar,"Cara a cara, Leaving Las Vegas, La Roca, Next","Reparto, Producción, Dirección"
1,Eva Mendes,1974,No tiene galardones ni nominaciones,"Los otros dos, Hitch: Especialista en ligues, Cruce de caminos (The Place Beyond the Pines), El mexicano","Reparto, Dirección, Guion"
2,Sam Elliott,1944,Nominado,"Ha nacido una estrella, Hulk, De profesión: duro, The Hero","Reparto, Producción, Guion"
3,Matt Long,1980,No tiene galardones ni nominaciones,"Mad Men, 2010 • 7 episodios, Jack McCallister, Serie de TV, 7,1","Reparto, Producción, Banda sonora"
4,Raquel Alessi,1983,No tiene galardones ni nominaciones,"Ghost Rider: El motorista fantasma, Miss Marzo, Entourage (El séquito), Cómo conocí a vuestra madre, 2009 • 1 episodio","Reparto, Equipos adicionales"
5,Brett Cullen,1956,No tiene galardones ni nominaciones,"El caballero oscuro: La leyenda renace, Ghost Rider: El motorista fantasma, Equipo a la fuerza, Person of Interest, 2011–2016 • 11 episodios","Reparto, Cámara y electricidad, Producción"
6,Peter Fonda,1940,Nominado,"Easy Rider (Buscando mi destino), El tren de las 3:10, El oro de Ulises, Cerdos salvajes: Con un par... de ruedas","Reparto, Dirección, Guion"
7,Donal Logue,1966,No tiene galardones ni nominaciones,"Blade, Zodiac, El patriota, The Tao of Steve","Reparto, Producción, Dirección"
8,Tony Ghosthawk,Desconocido,No tiene galardones ni nominaciones,"Ghost Rider: El motorista fantasma, Scooter: Secret Agent, 2005 • 1 episodio, 2023, Gent 4",Reparto
9,Hugh Sexton,Desconocido,No tiene galardones ni nominaciones,"Ghost Rider: El motorista fantasma, Vecinos, 1998–2002 • 17 episodios, Robert, Serie de TV",Reparto
10,Xun Zhou,1974,No tiene galardones ni nominaciones,"La ecuación del amor y la muerte, The Banquet, El atlas de las nubes, Ru guo · Ai","Reparto, Producción, Música"
11,Kun Chen,1976,No tiene galardones ni nominaciones,"Mulan, Qian Xuesen, Yun shui yao, Xun long jue","Reparto, Música"
12,He Du,Desconocido,No tiene galardones ni nominaciones,Sin datos,"2000, 13, 1h 52min"
13,Jue Huang,1975,No tiene galardones ni nominaciones,"Largo viaje hacia la noche, Better Days, Kai duan, 2022 • 15 episodios, 2011",Reparto
14,Fan Liao,1974,No tiene galardones ni nominaciones,"La ceniza es el blanco más puro, Shi fu, Black Coal, Xie bu ya zheng",Reparto
15,Robert Lin,junio,No tiene galardones ni nominaciones,"Kundun, Escuela de rock, Dian ti jing hun, El laberinto rojo","Reparto, Guion, Producción"
16,Qiu Qiu,Desconocido,No tiene galardones ni nominaciones,Sin datos,"2019, 13, 2h 5min"
17,Chang Shen,Desconocido,No tiene galardones ni nominaciones,Sin datos,"Serie de TV, 2018, TV-14, 1h"
18,Gang Wang,Desconocido,No tiene galardones ni nominaciones,Sin datos,"2013, Not Rated, 1h 51min"
19,Peiyi Wang,Desconocido,No tiene galardones ni nominaciones,"Lian ai zhong de Bao Bei, Wo di gui lai, Qing yi liang chong tian",Reparto
20,Takeshi Kitano,1947,No tiene galardones ni nominaciones,"Zatoichi, Hana-bi. Flores de fuego, Sonatine, El verano de Kikujiro","Reparto, Guion, Dirección"
21,Kotomi Kyôno,Desconocido,No tiene galardones ni nominaciones,"Shomuni, 1998–2013 • 37 episodios, 1997, 1999, Okyo",Reparto
22,Kayoko Kishimoto,1960,No tiene galardones ni nominaciones,"Hana-bi. Flores de fuego, El verano de Kikujiro, Akuryo-To, Himitsu",Reparto
23,Ren Ôsugi,1951,No tiene galardones ni nominaciones,"Hana-bi. Flores de fuego, Shin Godzilla, Audition, Inu hashiru","Reparto, Producción, Banda sonora"
24,Susumu Terajima,1963,No tiene galardones ni nominaciones,"Brother, Sonatine, Hana-bi. Flores de fuego, Sora no ana",Reparto
25,Tetsu Watanabe,1950,No tiene galardones ni nominaciones,"Hana-bi. Flores de fuego, Shin Godzilla, Silencio, Los sueños de Akira Kurosawa","Reparto, Cámara y electricidad"
26,Akihiro Miwa,1935,No tiene galardones ni nominaciones,"La princesa Mononoke, El castillo ambulante, El lagarto negro, Altered Carbon, 2018 • 1 episodio","Reparto, Equipo ejecutivo, Banda sonora"
27,Naomasa Musaka,1954,No tiene galardones ni nominaciones,"Zatoichi, Sol, Toyotomi Hideyoshi tenka wo toru!, Gojira X Mekagojira","Reparto, Banda sonora"
28,Kôichi Ueda,Desconocido,No tiene galardones ni nominaciones,"Godzilla contra King Ghidorah, Godzilla contra Biollante, Gojira vs. Desutoroiâ, Gojira, Mosura, Kingu Gidorâ: Daikaijû sôkôgeki",Reparto
29,Tsutomu Takeshige,Desconocido,No tiene galardones ni nominaciones,"Zatoichi, Dolls - Marionetas, Takeshis', Ame no machi",Reparto
30,Derek Burks,Desconocido,No tiene galardones ni nominaciones,"Baldrith the Mage, Sirens of New Britannia, Corto, Corto","Reparto, Edición, Dirección"
31,Vino G. Bastian,1982,No tiene galardones ni nominaciones,"Radit & Jani, Sabar Ini Ujian, Miracle in Cell No. 7, Toba Dreams","Reparto, Producción, Banda sonora"
32,Yayan Ruhian,1968,No tiene galardones ni nominaciones,"Star Wars: El despertar de la Fuerza, Redada asesina, Redada asesina 2, John Wick: Capítulo 3 - Parabellum","Reparto, Equipos adicionales, Especialistas"
33,Fariz Alfarazi,Desconocido,No tiene galardones ni nominaciones,"Wiro Sableng 212, Filosofi Kopi 3",Reparto
34,Ruth Marini,Desconocido,No tiene galardones ni nominaciones,"Wiro Sableng 212, Que el diablo te lleve, Filosofi Kopi 3, La fotocopiadora","Reparto, Equipos adicionales"
35,Marsha Timothy,1979,No tiene galardones ni nominaciones,"Marlina Si Pembunuh dalam Empat Babak, Redada asesina 2, Nada Untuk Asa, Noktah Merah Perkawinan","Reparto, Dirección"
36,Sherina Munaf,Desconocido,No tiene galardones ni nominaciones,"Petualangan Sherina 2, Wiro Sableng 212, Los aventuras de Sherina, The Love Verses","Reparto, Composición, Música"
37,Marcella Zalianty,1980,No tiene galardones ni nominaciones,"Rectoverso, Batas, Generasi 90an: Melankolia, Brownies","Reparto, Producción, Dirección"
38,T. Rifnu Wikana,Desconocido,No tiene galardones ni nominaciones,"Night Bus, La mujer del infierno, Quarantine Tales, 3: Alif, Lam, Mim","Reparto, Producción, Guion"
39,Yusuf Mahardika,Desconocido,No tiene galardones ni nominaciones,"El rey del fin del mundo, Balada Si Roy, Wiro Sableng 212, Autobiography","Reparto, Dirección"
40,Aghniny Haque,Desconocido,No tiene galardones ni nominaciones,"Sianida, 2021 • 1 episodio, 2022, 2018, 2022",Reparto
41,Dingdong Dantes,1980,No tiene galardones ni nominaciones,"Atlantika, 2006–2007 • 95 episodios, 2011, 2007, 2018","Reparto, Dirección, Dirección de la segunda unidad o asistencia a dirección"
42,Iza Calzado,1982,No tiene galardones ni nominaciones,"Sigaw, Bliss, One True Love, Ang panday 2","Reparto, Producción"
43,Karylle,1981,No tiene galardones ni nominaciones,"Etheria: Ang ikalimang kaharian ng Encantadia, 2005–2006 • 50 episodios, Alena, Serie de TV, 5,5","Reparto, Música, Producción"
44,Paolo Contis,1984,No tiene galardones ni nominaciones,"Banal, Through Night and Day, A Faraway Land, Narito ang puso ko","Reparto, Producción, Banda sonora"
45,Gloria Romero,1933,No tiene galardones ni nominaciones,"Dalagang Ilokana, Iginuhit ng Tadhana: The Ferdinand E. Marcos Story, Tanging yaman, Fuschia","Reparto, Banda sonora"
46,Sandy Andolong,Desconocido,No tiene galardones ni nominaciones,"Gumapang ka sa lusak, 2010, 1982, 1979","Reparto, Producción"
47,Ian Veneracion,1975,No tiene galardones ni nominaciones,"Nanahimik ang gabi, Block Z, inter.m@tes, The Iron Heart, 2022–2023 • 172 episodios","Reparto, Banda sonora"
48,Jojo Alejar,Desconocido,No tiene galardones ni nominaciones,"Nasaan ka nang kailangan kita, 4,8, 5,4, 7,6","Reparto, Producción, Edición"
49,Isabel Oli,2003,No tiene galardones ni nominaciones,"High School Musical: El musical: La serie, 2019–2022 • 25 episodios, Paige OlveraPaige, Videoclip, 8,2","Music Artist, Reparto, Música"
50,Dion Ignacio,1986,No tiene galardones ni nominaciones,"Saan darating ang umaga?, 2008–2009 • 80 episodios, Siklab, Serie de TV, 7,5","Reparto, Equipos adicionales"
51,Hiroshi Abe,1964,No tiene galardones ni nominaciones,"Still Walking, Godzilla 2000: Millennium, Después de la tormenta, Shitamachi Rocket, 2015–2018 • 21 episodios",Reparto
52,Aya Ueto,1985,No tiene galardones ni nominaciones,"Azumi, Azumi 2: Death or Love, Insutôru, Satsujinsha - Uragiri no kyoudan","Reparto, Banda sonora"
53,Kazuki Kitamura,1969,No tiene galardones ni nominaciones,"Gekijôban: Signal, Folklore, 2018 • 1 episodio, Reparto, Madarame Kyutaro",Reparto
54,Riki Takeuchi,1964,No tiene galardones ni nominaciones,"Dead or Alive I, Blood, Battle Royale 2: Réquiem, Gokudô sengokushi: Fudô","Reparto, Producción"
55,Kai Shishido,1966,No tiene galardones ni nominaciones,"My Phoenix, 6,4, 7,4, Terumae romae II",Reparto
56,Midoriko Kimura,1961,No tiene galardones ni nominaciones,"Kansen rettô, Gintama 2: Okite wa yaburu tame ni koso aru, Ore ore, Kamisama herupu!",Reparto
57,Katsuya Takagi,Desconocido,No tiene galardones ni nominaciones,"Hachioji Zombies, 6,5, 6,2, 7,2",Reparto
58,Bunmei Tobayama,Desconocido,No tiene galardones ni nominaciones,"Mûnraito jerîfisshu, Fuego Cruzado, Chikan densha: Gokuhi honban, Pachinko yarô: Ano ana kono ana",Reparto
59,Kei Iinuma,Desconocido,No tiene galardones ni nominaciones,"La princesa Mononoke, Terumae romae, Hitorikko, Serie de TV",Reparto
60,Tarô Iwate,Desconocido,No tiene galardones ni nominaciones,"Rokugatsu no hebi, Zatôichi monogatari, 1979 • 1 episodio, 2012, 2001",Reparto
61,Vaibhavi Pramod Kadam,Desconocido,No tiene galardones ni nominaciones,A Thing Of Magic,Reparto
62,Pradnya Parshuram Kadam,Desconocido,No tiene galardones ni nominaciones,A Thing Of Magic,Reparto
63,Honor Kneafsey,2004,No tiene galardones ni nominaciones,"La casa torcida, Wolfwalkers, Miss You Already (Ya te extraño), The Bookshop (La librería)","Reparto, Banda sonora"
64,Eva Whittaker,Desconocido,No tiene galardones ni nominaciones,"Wolfwalkers, Star Wars: Visions, 2023 • 1 episodio, 2023, Dance girl",Reparto
65,Sean Bean,1959,Ganó 2 premios BAFTA,"El señor de los anillos: La comunidad del anillo, Juego de tronos, 2011 • 10 episodios, 2010, 2002","Reparto, Producción, Animación"
66,Simon McBurney,1957,No tiene galardones ni nominaciones,"El topo, El mensajero del miedo, El último rey de Escocia, Jane Eyre","Reparto, Equipos adicionales, Guion"
67,Tommy Tiernan,1969,No tiene galardones ni nominaciones,"Wolfwalkers, Adam y ellas, Conversaciones entre amigos, 2022 • 6 episodios, Dad","Reparto, Guion, Dirección"
68,Maria Doyle Kennedy,1964,No tiene galardones ni nominaciones,"Los Tudor, 2007–2010 • 18 episodios, 1991, Siobhan Sadler, Serie de TV","Reparto, Dirección, Guion"
69,Jon Kenny,1957,No tiene galardones ni nominaciones,"Almas en pena de Inisherin, Los miserables. La leyenda nunca muere, Wolfwalkers, Padre Ted, 1995–1996 • 2 episodios","Reparto, Guion, Música"
70,John Morton,1947,No tiene galardones ni nominaciones,"El imperio contraataca, Flash Gordon, Superman II: La aventura continúa, Un puente lejano","Reparto, Especialistas, Equipos adicionales"
71,Nora Twomey,1971,Nominado,"Wolfwalkers, El pan de la guerra, El secreto del libro de Kells, From Darkness, 2002","Producción, Guion, Equipos adicionales"
72,Oliver McGrath,Desconocido,No tiene galardones ni nominaciones,"Wolfwalkers, El secreto del libro de Kells, The Battle of Cape Fear, 7,4","Reparto, Producción, Sonido"
73,Cristi Harris,1977,No tiene galardones ni nominaciones,"The Unhealer, La noche de los demonios 2, Navy: Investigación criminal, 2004 • 1 episodio, Emily Davis","Reparto, Producción, Casting"
74,Darin Heames,1967,No tiene galardones ni nominaciones,"Hijos de la anarquía, 2010 • 4 episodios, 2013, 2010, 2015","Reparto, Guion, Producción"
75,Bobby Jacoby,1973,No tiene galardones ni nominaciones,"Temblores, Pearl Harbor, Ya no puedo esperar, Temblores 3: Regreso a perfection, 2001","Reparto, Guion, Producción"
76,Merle Kennedy,1967,No tiene galardones ni nominaciones,"May, El chico de la burbuja, La tormenta perfecta, Junior","Reparto, Guion"
77,Amelia Kinkade,1963,No tiene galardones ni nominaciones,"La noche de los demonios, La noche de los demonios 2, El coche fantástico, 1984 • 1 episodio, Angela","Reparto, Equipos adicionales, Banda sonora"
78,Rod McCary,1941,No tiene galardones ni nominaciones,"Locos de remate, Los Picapiedra, La noche de los demonios 2, 28 días","Reparto, Producción"
79,Johnny Moran,Desconocido,No tiene galardones ni nominaciones,"Pleasantville, Open Season, La noche de los demonios 2, Star Trek: Espacio Profundo Nueve, 1998 • 1 episodio",Reparto
80,Rick Peters,1967,No tiene galardones ni nominaciones,"My Fault, 2021, Elliot, Serie de TV, 7,0","Reparto, Guion, Producción"
81,Jennifer Rhodes,1947,No tiene galardones ni nominaciones,"Escuela de jóvenes asesinos, Embrujadas, 1999–2006 • 14 episodios, Jean Dominy, Serie de TV",Reparto
82,Christine Taylor,1971,No tiene galardones ni nominaciones,"Cuestión de pelotas, El chico ideal, Zoolander (Un descerebrado de moda), El retorno de los Brady","Reparto, Guion, Producción"
83,Jack Aversano,Desconocido,No tiene galardones ni nominaciones,"Dead Cameraman, Driver, Serie de TV, 7,9","Reparto, Dirección, Guion"
84,Matt Calloway,Desconocido,No tiene galardones ni nominaciones,"A Grace Notes Christmas: Vol. 3, Grace Notes, 2022 • 1 episodio","Música, Banda sonora"
85,Christopher Collora,Desconocido,No tiene galardones ni nominaciones,Dead Cameraman,Reparto
86,Claude Duhamel,1970,No tiene galardones ni nominaciones,"Un San Valentín de muerte, Más allá del cielo, The Line, 2009 • 10 episodios","Reparto, Cámara y electricidad, Producción"
87,Gene Ketcherside,Desconocido,No tiene galardones ni nominaciones,"Pure Air, Serie de TV, Chaz, Corto","Reparto, Edición"
88,Sara Sometti Michaels,Desconocido,No tiene galardones ni nominaciones,"El convento, Walden, Double Down South, I'll Be Watching","Producción, Reparto, Guion"
89,Jose Rosete,1975,No tiene galardones ni nominaciones,"Monsters of Man, Mini-Mocks, 2022 • 1 episodio, David, Agent Fowler","Reparto, Guion, Producción"
90,Alexander Zeldein,Desconocido,No tiene galardones ni nominaciones,Dead Cameraman,Reparto
91,Mohammed Junaid,Desconocido,No tiene galardones ni nominaciones,"Mangoes, 2018 • 3 episodios, 3,2, 6,5","Reparto, Producción, Dirección"
92,Razan Jamal,Desconocido,No tiene galardones ni nominaciones,"Silveraven, Dead Sands",Reparto
93,Roqaiya Janahi,Desconocido,No tiene galardones ni nominaciones,Silveraven,Reparto
94,Mohammed Zubari,Desconocido,No tiene galardones ni nominaciones,"Silveraven, Dead Sands",Reparto
95,Zeeshan Jawed Shah,Desconocido,No tiene galardones ni nominaciones,"Silveraven, Gilgamesh Pearl, Paranorma There Is Always a Dark Side, Dead Sands","Efectos visuales, Reparto, Producción"
96,Omar Zarka,Desconocido,No tiene galardones ni nominaciones,Silveraven,Reparto
97,Ahmed Zayani,Desconocido,No tiene galardones ni nominaciones,"Silveraven, Dead Sands","Reparto, Guion, Dirección de fotografía y cámara"
98,Lubna Hussain Kazmi,Desconocido,No tiene galardones ni nominaciones,"Silveraven, Dead Sands",Reparto
99,Bu Idrees Mughal,Desconocido,No tiene galardones ni nominaciones,"Silveraven, Gilgamesh Pearl, Dead Sands, Paranorma There Is Always a Dark Side","Reparto, Composición"
100,Lujain Tab,Desconocido,No tiene galardones ni nominaciones,"Silveraven, Gilgamesh Pearl",Reparto
0,Matthew McConaughey,1969,Ganó 1 premio Óscar,"Interstellar, Dallas Buyers Club, Magic Mike, Mud","Reparto, Producción, Dirección"
1,Jennifer Garner,1972,Nominado,"Alias, 2001–2006 • 105 episodios, 2004, 2003, 2007","Reparto, Producción, Dirección"
2,Emma Stone,1988,Ganó 1 premio Óscar,"La ciudad de las estrellas. La La Land, Rumores y mentiras, Criadas y señoras, The Amazing Spider-Man 2: El poder de Electro","Reparto, Producción, Banda sonora"
3,Michael Douglas,1944,Ganó 2 premios Óscar,"Wall Street, Detrás del candelabro, Atracción fatal, Tras el corazón verde","Reparto, Producción, Dirección"
4,Breckin Meyer,1974,Nominado,"Ratas a la carrera, Road Trip (Viaje de pirados), Clueless (Fuera de onda), Pesadilla final: La muerte de Freddy","Reparto, Guion, Producción"
5,Lacey Chabert,1982,No tiene galardones ni nominaciones,"Chicas malas, Perdidos en el espacio, No es otra estúpida película americana, Negra Navidad","Reparto, Producción, Guion"
6,Robert Forster,1941,Nominado,"Jackie Brown, Los descendientes, Objetivo: La Casa Blanca, Mulholland Drive","Reparto, Producción, Dirección"
7,Anne Archer,1947,Nominado,"Atracción fatal, Short Cuts - Vidas cruzadas, Juego de patriotas, El arte de la guerra","Reparto, Producción, Guion"
8,Daniel Sunjata,1971,No tiene galardones ni nominaciones,"La cazarrecompensas, Sin rastro, El caballero oscuro: La leyenda renace, El diablo viste de Prada","Reparto, Banda sonora"
9,Noureen DeWulf,1984,No tiene galardones ni nominaciones,"Los fantasmas de mis exnovias, Terapia con Charlie, 2012–2014 • 100 episodios, 2010, 2006",Reparto
10,Elizabeth Tomic,Desconocido,No tiene galardones ni nominaciones,"The Underlords, Luna, Maquillaje","Reparto, Producción, Dirección"
11,Rouxuan Fu,Desconocido,No tiene galardones ni nominaciones,Chun Qiu Feng Shen,Reparto
12,Yijie Gong,Desconocido,No tiene galardones ni nominaciones,Chun Qiu Feng Shen,Reparto
13,Liam Brennan,1964,No tiene galardones ni nominaciones,"Twelfth Night, M.I.High, 2014 • 4 episodios, 2015, Henry Bolingbroke later King Henry IV",Reparto
14,Ryan Dewar,1988,No tiene galardones ni nominaciones,"From Paradise with Love, 5,4, Dirección, Dirección(as Ryan Alexander Dewar)","Dirección, Edición, Dirección de fotografía y cámara"
15,Rachel Flynn,Desconocido,No tiene galardones ni nominaciones,"Badla, When Stars Align, Terminal Happiness, 2020, 2023","Guion y continuidad, Reparto, Producción"
16,Andy Gray,Desconocido,No tiene galardones ni nominaciones,"Boyz Unlimited, 1999 • 5 episodios, Big Jerry Kennedy, Dirección(attached), Black Ruthven","Reparto, Dirección, Guion"
17,James Keenan,1964,No tiene galardones ni nominaciones,"Resident Evil: Ultratumba, Sin tregua, 2013: Rescate en L.A., Asalto al tren Pelham 1 2 3","Reparto, Composición, Guion"
18,Tamara Kennedy,Desconocido,No tiene galardones ni nominaciones,"Intergalactic Kitchen, Taggart, 1999–2003 • 10 episodios, Hayley, Mum",Reparto
19,Alec Westwood,Desconocido,No tiene galardones ni nominaciones,"Shetland, 2021 • 1 episodio, 2019, Davey, Serie de TV","Reparto, Dirección, Guion"
20,Hamish Wyllie,Desconocido,No tiene galardones ni nominaciones,"Surprise, Confía en mí, 2019 • 2 episodios, 2020, Keegan Meeke",Reparto
21,Aleksi Holkko,Desconocido,No tiene galardones ni nominaciones,"Anselmi - nuori ihmissusi, Kaikki huutaa Dingo!, 2020 • 15 episodios, Tehdas, 2014 • 1 episodio",Reparto
22,Sami Palolampi,Desconocido,No tiene galardones ni nominaciones,"Anselmi - nuori ihmissusi, Sisin: Tuli sisälläni","Reparto, Dirección, Guion"
23,Pauli Hanhiniemi,Desconocido,No tiene galardones ni nominaciones,"Anselmi - nuori ihmissusi, Vares - yksityisetsivä, Pitkä kuuma kesä, Los duros","Música, Reparto, Composición"
24,Liisa Ruuskanen,Desconocido,No tiene galardones ni nominaciones,"Yks' tavallinen Virtanen, Pessi ja Illusia, Pekka ja Pätkä salapoliiseina","Maquillaje, Reparto"
25,Sami Alho,Desconocido,No tiene galardones ni nominaciones,"Huba4 - naurat vain kolmasti, 2005",Música
26,Reetta Kankare,Desconocido,No tiene galardones ni nominaciones,"Anselmi - nuori ihmissusi, Tunnevammoja, Helppo elämä, 2009 • 1 episodio",Reparto
27,Timo Saari,Desconocido,No tiene galardones ni nominaciones,"Anselmi - nuori ihmissusi, Devil's Lungs, Laulu",Reparto
28,Mikko Peltoniemi,Desconocido,No tiene galardones ni nominaciones,"Tuntematon suo, 2022",Sin datos
29,Topi Kohonen,Desconocido,No tiene galardones ni nominaciones,"Vuonna 85, Hautalehto: Kylmä syli, 2022 • 2 episodios, 2014, 2011","Reparto, Banda sonora"
30,Ron Jeremy,Desconocido,No tiene galardones ni nominaciones,Drop Back Ten,Cámara y electricidad
31,Derbhle Crotty,1968,No tiene galardones ni nominaciones,"Diario de un escándalo, Bailo por dentro, Masterpiece Theatre, 2001 • 1 episodio, Barbara Abrahams",Reparto
32,Birdy Sweeney,Desconocido,No tiene galardones ni nominaciones,"Juego de lágrimas, Ballykissangel, 1996–1999 • 34 episodios, Patrick Dolan, Mr. Zesty",Reparto
33,Aaron Kwok,1965,No tiene galardones ni nominaciones,"Dap huet cam mui, Fu zi, Chun sing gai bei, Mou seung","Reparto, Música, Banda sonora"
34,Gong Li,1965,No tiene galardones ni nominaciones,"La maldición de la flor dorada, Memorias de una geisha, La linterna roja, Corrupción en Miami","Reparto, Producción, Equipos adicionales"
35,Shaofeng Feng,1978,No tiene galardones ni nominaciones,"Venganza blanca, El último lobo, El joven detective Dee. El poder del dragón marino, Huan Cheng, 2016 • 49 episodios","Reparto, Producción, Equipos adicionales"
36,Shenyang Xiao,1981,No tiene galardones ni nominaciones,"The Grandmaster, Xi you ji zhi: Sun Wukong san da Baigu Jing, The Way of the Bug, Tang ren jie tan an","Reparto, Dirección"
37,Him Law,1984,No tiene galardones ni nominaciones,"Xi you ji zhi: Sun Wukong san da Baigu Jing, Re lang qiu ai zhan, Ku ling ching taam B, 2009, 2007",Reparto
38,Kris Phillips,1960,No tiene galardones ni nominaciones,"Wen xie yang, 6,3, Reparto(as Hsiang Fei), 1982","Reparto, Música"
39,Kelly Chen,1972,No tiene galardones ni nominaciones,"Juego sucio, Tin ngai hoi gok, Jiang shan mei ren, Juego sucio 3","Reparto, Dirección, Banda sonora"
40,Giselle Chia,Desconocido,No tiene galardones ni nominaciones,"Xi you ji zhi: Sun Wukong san da Baigu Jing, My New Boyfriend, Deep Lone, Outer Space in Blue","Reparto, Producción"
41,John Ching,Desconocido,No tiene galardones ni nominaciones,"Cai li fu quan, Jing goo juen ga, Dou hap, Do haap II: Seung Hoi taam do sing","Reparto, Producción, Dirección"
42,Chutian Liu,Desconocido,No tiene galardones ni nominaciones,"Xi you ji zhi: Sun Wukong san da Baigu Jing, Dragon Blade, Qin shi ming yue, 2015 • 1 episodio, 2019","Reparto, Composición, Assistant"
43,Sarah Natochenny,septiembre,No tiene galardones ni nominaciones,"Pokémon Master Journeys: The Series, 2021, 2021, 2020, Dorma McDormald","Reparto, Edición, Edición"
44,Michele Knotz,octubre,No tiene galardones ni nominaciones,"Street Fighter X Tekken, 2012, 2007, 2006, 2010","Reparto, Guion y continuidad, Equipos adicionales"
45,Emily Bauer,1981,No tiene galardones ni nominaciones,"Nausicaä del Valle del Viento, Pokémon: Zoroark, el maestro de ilusiones, Pokémon: Arceus y la joya de la vida, Pokémon: El desafío de Darkrai","Reparto, Equipos adicionales"
46,James Carter Cathcart,1954,No tiene galardones ni nominaciones,"Shadow the Hedgehog, 2005, 2006, 2007, Vector the CrocodileConstruction Worker A","Reparto, Guion y continuidad, Equipos adicionales"
47,Kayzie Rogers,1961,No tiene galardones ni nominaciones,"Pokémon: La película - Mewtwo vs. Mew, Pokémon Ranger y el templo del mar, G.I. Joe: Sigma 6, 2006 • 13 episodios, 2016","Reparto, Dirección"
48,Bill Rogers,1974,No tiene galardones ni nominaciones,"Cielo rojo sangre, The Legend of Zelda: Breath of the Wild, 2017, 2009, 2007","Reparto, Equipos adicionales, Sonido"
49,Rodger Parsons,1943,No tiene galardones ni nominaciones,"El sendero de la traición, Flight Deck, Dishidia duodeshimu Fainaru fantajî, 2011, Cid of the Lufaine - Narrator(English version, voz)",Reparto
50,Ikue Ôtani,1965,No tiene galardones ni nominaciones,"Pokémon, 1997–2023 • 1222 episodios, 2014, 2000, 2000","Reparto, Banda sonora"
51,Carmen Borgia,Desconocido,No tiene galardones ni nominaciones,"The Harrow, Red Canyon, Nature, 2012–2014 • 5 episodios, 2007","Sonido, Reparto, Composición"
52,Wayne Grayson,1972,No tiene galardones ni nominaciones,"Teenage Mutant Ninja Turtles, 2003–2010 • 155 episodios, Joey WheelerRolandDartz, Joey Wheeler(voz), Joey WheelerSolomon MutoShadi(English version, voz)",Reparto
53,Mithun Chakraborty,1950,No tiene galardones ni nominaciones,"The Tashkent Files, OMG: Oh My God!, Housefull 2, Guru","Reparto, Música, Equipos adicionales"
54,Jackie Shroff,1957,No tiene galardones ni nominaciones,"Devdas, Criminal Justice, 2019 • 9 episodios, 1995, 2000","Reparto, Producción, Banda sonora"
55,Dijana Dejanovic,Desconocido,No tiene galardones ni nominaciones,"Main Aur Charles, Jole Jongole",Reparto
56,Ashish Vidyarthi,1962,No tiene galardones ni nominaciones,"Haider, 24, 2016 • 23 episodios, 2014, 1994",Reparto
57,Tinnu Anand,1945,No tiene galardones ni nominaciones,"Ghajini, Sita Ramam, Kaalia, Shahenshah","Reparto, Dirección, Guion"
58,Dibyendu Bhattacharya,1975,No tiene galardones ni nominaciones,"Criminal Justice, 2019 • 8 episodios, DSP Barun GhoshDSP Barun Ghosh (flashback scene), Chunni, Yeda Yakub",Reparto
59,Biswajit Chakraborty,1948,No tiene galardones ni nominaciones,"Mishawr Rawhoshyo, Byomkesh Bakshi, Jaatishwar, Byomkesh Phire Elo","Reparto, Equipos adicionales"
60,Sayantani Guhathakurta,Desconocido,No tiene galardones ni nominaciones,"Mayaa, Tribhuj, Nandini's room mate, 2018",Reparto
61,Mumait Khan,1985,No tiene galardones ni nominaciones,"Munna Bhai M.B.B.S., Vettaiyaadu Vilaiyaadu, Magadheera, Pokiri","Reparto, Música, Banda sonora"
62,Raviranjan Maitra,Desconocido,No tiene galardones ni nominaciones,Jole Jongole,Reparto
63,Stephanie Leonidas,1984,No tiene galardones ni nominaciones,"La máscara de cristal, American Gothic, 2016 • 13 episodios, Irisa(voz), Serie de TV",Reparto
64,Jason Barry,1972,No tiene galardones ni nominaciones,"Titanic, La máscara de cristal, El año que murió Elvis, Beyond Re-Animator","Reparto, Guion, Dirección"
65,Rob Brydon,1965,Nominado,"Las crónicas de Blancanieves: El cazador y la reina del hielo, Marion & Geoff, 2000–2003 • 16 episodios, 2010, 2005","Reparto, Guion, Producción"
66,Gina McKee,1964,Ganó 1 premio BAFTA,"Notting Hill, In the loop, Mi policía, Expiación. Más allá de la pasión","Reparto, Producción, Banda sonora"
67,Dora Bryan,1923,Ganó 1 premio BAFTA,"Un sabor a miel, El ídolo caído, Last of the Summer Wine, 2000–2005 • 50 episodios, 1961","Reparto, Banda sonora"
68,Stephen Fry,1957,Nominado,"Gosford Park, V de vendetta, Wilde, Guía del autoestopista galáctico","Reparto, Guion, Producción"
69,Andy Hamilton,1954,Ganó 1 premio BAFTA,"Drop the Dead Donkey, 1990–2008 • 66 episodios, Guion, Guion, Serie de TV","Guion, Producción, Reparto"
70,Simon Harvey,Desconocido,No tiene galardones ni nominaciones,"Oliver Beene, 2003–2004 • 2 episodios, 2005, 2018, Photographer",Reparto
71,Lenny Henry,1958,No tiene galardones ni nominaciones,"Harry Potter y el prisionero de Azkaban, ¡Piratas!, Penelope, Chef!, 1993–1996 • 20 episodios","Reparto, Guion, Producción"
72,Robert Llewellyn,1956,No tiene galardones ni nominaciones,"Red Dwarf: Smeg Ups, 1994, KrytenAbleBongo, Película de TV, 6,7","Reparto, Guion, Producción"
73,Hironori Amanuma,Desconocido,No tiene galardones ni nominaciones,"Ai no kajitsu, Hyakunichi no Setsuna: Kindan no koi",Reparto
74,Bobby,1970,Ganó 2 premios Primetime Emmy,"The Station Agent (Vías cruzadas), Ant-Man, Blue Jasmine, Parker","Reparto, Guion, Producción"
75,Jirô Dan,Desconocido,No tiene galardones ni nominaciones,"Kaettekita Urutoraman, 1971–1972 • 51 episodios, 2006, Hideki GôUltraman Jack(as Jiro Dan), Hideki GôUltraman Jack(as Jiro Dan)",Reparto
76,Midori Ezawa,Desconocido,No tiene galardones ni nominaciones,"Kimi ga aishita Last Scene, 6,0",Reparto
77,Yôta Kawase,1969,No tiene galardones ni nominaciones,"Jôen no shima: Nureta nettaiya, Akai jôji, Reparto, Reparto","Reparto, Dirección de la segunda unidad o asistencia a dirección"
78,Riri Kôda,Desconocido,No tiene galardones ni nominaciones,"Shiofuki hanayome no seihakusho, Yuriko, Yahan, 2018",Reparto
79,Shûgo Oshinari,1981,No tiene galardones ni nominaciones,"Battle Royale 2: Réquiem, Returner, Gekijôban kamen raidâ Wizâdo in majikku rando, Lorelei",Reparto
80,Takahiro Sakata,Desconocido,No tiene galardones ni nominaciones,"Genkai Eros Kyoten: Shuten-Doji, 6,0",Reparto
81,Masumi Satô,Desconocido,No tiene galardones ni nominaciones,"Evangelion 2.0 You Can (Not) Advance, Gekijô ban Tottoko Hamutarô: Hamu hamu hamu~jya! Maboroshi no prinsesu",Efectos visuales
82,Yui Tatsumi,Desconocido,No tiene galardones ni nominaciones,"Assassination classroom, Gishin rankô: Yamiyo ni ugomeku mesu shiri, Kiriko Funo, 2020",Reparto
83,Gaku Sano,Desconocido,No tiene galardones ni nominaciones,"Kamen Raidâ × Kamen Raidâ Doraibu ando Gaimu Mûbî Taisen Furu Surottoru, Kamen raidâ Gaimu, 2013–2014 • 47 episodios, 2013, 2014","Reparto, Banda sonora"
84,Yutaka Kobayashi,Desconocido,No tiene galardones ni nominaciones,"Kamen raidâ Gaimu, 2013–2014 • 45 episodios, 2014, 2014, 2013","Reparto, Banda sonora"
85,Mahiro Takasugi,1996,No tiene galardones ni nominaciones,"Kamen raidâ Gaimu, 2013–2014 • 46 episodios, 2014, 2014, 2013",Reparto
86,Yûmi Shida,Desconocido,No tiene galardones ni nominaciones,"Kamen raidâ Gaimu, 2013–2014 • 44 episodios, 2014, 2013, 2014",Reparto
87,Yûki Kubota,1981,No tiene galardones ni nominaciones,"Kamen raidâ Gaimu, 2013–2014 • 38 episodios, 2014, 2014, 2013",Reparto
88,Gaku Matsuda,Desconocido,No tiene galardones ni nominaciones,"Kamen raidâ Gaimu, 2013–2014 • 37 episodios, 2014, 2014, 2013","Reparto, Banda sonora"
89,Saku Momose,Desconocido,No tiene galardones ni nominaciones,"Kamen raidâ Gaimu, 2013–2014 • 34 episodios, 2013, 2014, 2019","Reparto, Banda sonora"
90,Ryô Matsuda,Desconocido,No tiene galardones ni nominaciones,"Kamen raidâ Gaimu, 2013–2014 • 26 episodios, 2014, 2014, 2013",Reparto
91,Atsushi Shiramata,Desconocido,No tiene galardones ni nominaciones,"Kamen raidâ Gaimu, 2013–2014 • 12 episodios, 2013, 2014, 2012",Reparto
92,Tsunenori Aoki,Desconocido,No tiene galardones ni nominaciones,"Kamen raidâ Gaimu, 2013–2014 • 31 episodios, 2014, 2014, 2013",Reparto
93,Felicity Mason,1976,No tiene galardones ni nominaciones,"Stalker's Prey 2, Los no muertos (Undead), Hollywood, Mortified, 2006–2007 • 5 episodios","Reparto, Guion, Dirección"
94,Mungo McKay,Desconocido,No tiene galardones ni nominaciones,"Los no muertos (Undead), Daybreakers, Inspector Gadget 2, 2003, Bullman","Reparto, Dirección, Dirección de fotografía y cámara"
95,Rob Jenkins,1975,No tiene galardones ni nominaciones,"Predestination, Australiens, The Irving Hand Prophecy, 2001, 2003","Reparto, Guion, Producción"
96,Lisa Cunningham,Desconocido,No tiene galardones ni nominaciones,"Daybreakers, Los no muertos (Undead)",Reparto
97,Dirk Hunter,Desconocido,No tiene galardones ni nominaciones,"The Demon Disorder, A Royal in Paradise, 2023, Rick the Mill Manager","Reparto, Producción"
98,Emma Randall,Desconocido,No tiene galardones ni nominaciones,"Daybreakers, Australiens, Earl's Town, Once I Was","Reparto, Arte, Guion"
99,Steve Greig,Desconocido,No tiene galardones ni nominaciones,"Los no muertos (Undead), Blue Heelers, 2003–2004 • 2 episodios, 2000, 2000","Reparto, Guion"
100,Noel Sheridan,Desconocido,No tiene galardones ni nominaciones,"Los no muertos (Undead), Medivac, 1996–1997 • 3 episodios, Computer Operator, Serie de TV",Reparto
101,Gaynor Wensley,Desconocido,No tiene galardones ni nominaciones,"Los no muertos (Undead), Aleta, 1995 • 1 episodio, 2002",Reparto
102,Eleanor Stillman,Desconocido,No tiene galardones ni nominaciones,Los no muertos (Undead),Reparto
103,Michael Adamthwaite,1981,No tiene galardones ni nominaciones,"La guerra del planeta de los simios, Pisando fuerte, Mi amigo el gigante, Warcraft: El origen",Reparto
104,Yutaka Aoyama,1965,No tiene galardones ni nominaciones,"Naruto: Shippûden, 2007–2016 • 32 episodios, Sasori (Hiruko)(voz), Serie de TV, 6,2",Reparto
105,Michael Dobson,1966,No tiene galardones ni nominaciones,"La fiesta de las salchichas, El cazador de sueños, X-Men: Evolution, 2000–2003 • 23 episodios, The LeaderSamuel Sterns(voz)","Reparto, Equipos adicionales, Dirección"
106,Cole Howard,1989,No tiene galardones ni nominaciones,"Rockman Rockman, 2006, Shinpachi ShimuraPhoenix(English version, voz), Sinbad(English version, voz), Miniserie de TV","Reparto, Guion"
107,Takeshi Kaga,1950,No tiene galardones ni nominaciones,"Death note - La película, Mâjan hourouki, Death Note: El último nombre, Sengoku jieitai 1549",Reparto
108,Elyse Maloway,Desconocido,No tiene galardones ni nominaciones,"Te estoy vigilando, 2023 • 6 episodios, Cleo GravesCleoMrs. Snow, Película de TV, 6,5","Reparto, Especialistas"
109,Tadashi Miyazawa,Desconocido,No tiene galardones ni nominaciones,"Pokémon Colosseum, 2003",Efectos visuales
110,Riley Murdock,Desconocido,No tiene galardones ni nominaciones,"TechLinked, 2018, Cronan DarkrootThe Goblin King(voz), Serie de TV, Videojuego","Reparto, Guion, Dirección"
111,Momoko Tanabe,1999,No tiene galardones ni nominaciones,"Girl Gun Lady, 2021 • 7 episodios, Chiaki ÔgakiChiaki Ogaki, Miniserie de TV, 5,5",Reparto
112,Travis Turner,1987,No tiene galardones ni nominaciones,"The Eggventurers, Azure Striker Gunvolt 3, Aliens Stole My Body, LEGO Dreamzzz: Trials of the Dream Chasers, 2023 • 1 episodio","Reparto, Producción, Especialistas"
113,Amanda Markowitz,Desconocido,No tiene galardones ni nominaciones,"Love Meet Hope, Belleza y poder, 2012–2014 • 3 episodios, 2020, 2015","Reparto, Producción"
114,Bradley Fowler,Desconocido,No tiene galardones ni nominaciones,"Slotherhouse, The Voices, Jonny's Sweet Revenge, Love Meet Hope","Reparto, Guion, Producción"
115,Edward Asner,1929,Ganó 7 premios Primetime Emmy,"Up, La chica de la tele, 1970–1977 • 166 episodios, 2003, 1991","Reparto, Producción, Equipos adicionales"
116,Peter Mackenzie,Desconocido,No tiene galardones ni nominaciones,"Black-ish, 2014–2022 • 168 episodios, 2015, 2012, Genius (Intellect)",Reparto
117,Tim Joyce,Desconocido,No tiene galardones ni nominaciones,"Love Meet Hope, The Seniors Improv Comedy, Without End: A Fractured Fairytale, Man Up, Stand-Up, 2009 • 1 episodio",Reparto
118,Ken Garr,Desconocido,No tiene galardones ni nominaciones,"The Voices, Love Meet Hope, Telethon for America, 2018, Guion","Reparto, Guion, Especialistas"
119,Victoria Matlock,1978,No tiene galardones ni nominaciones,"Love Meet Hope, Whiteblood, The Voices, Slotherhouse","Reparto, Producción, Diseño de vestuario"
120,Cassandra Federman,Desconocido,No tiene galardones ni nominaciones,"Más allá de los sueños, Sígueme el rollo, Lady Windermere's Fan, The 101","Casting, Reparto, Equipos adicionales"
121,Eileen Vorbach,Desconocido,No tiene galardones ni nominaciones,"Callie's Solo, Callie's Solo: Pilot Episode - The Guitar Amp, Love Meet Hope, Helden the Helpful","Reparto, Dirección, Producción"
122,Josh Braaten,1977,No tiene galardones ni nominaciones,"This Is Us, 2017 • 1 episodio, 2008, Douglas Pryor, Serie de TV",Reparto
123,Wei Wei,Desconocido,No tiene galardones ni nominaciones,Sin datos,"Serie de TV, 2023"
124,Li Zhen An,Desconocido,No tiene galardones ni nominaciones,Sin datos,"1977, R, 1h 36min"
125,Jerry Cheng Chang,Desconocido,No tiene galardones ni nominaciones,"Di Renjie zhi jiulong xuan guan, 7,4",Reparto
126,Li Geng,Desconocido,No tiene galardones ni nominaciones,"The Dark World: Karma, PUBG Mobile, 2018, 2023, 2021","Composición, Música, Banda sonora"
127,Shen Kai,Desconocido,No tiene galardones ni nominaciones,"Tang chao gui shi lu, 2022 • 36 episodios, 2013, 2016, 2020",Reparto
128,Jackson Lou,1962,No tiene galardones ni nominaciones,"Impacto inminente, Huang jin dao li xian ji, Jet Li es el mejor luchador, Vanguard",Reparto
129,Qin Ming-Yang,Desconocido,No tiene galardones ni nominaciones,Di Renjie zhi jiulong xuan guan,Reparto
